close,date
,2000-01-04
,2000-01-05
,2000-01-06
,2000-01-07
,2000-01-10
,2000-01-11
,2000-01-12
,2000-01-13
,2000-01-14
,2000-01-17
,2000-01-18
,2000-01-19
,2000-01-20
,2000-01-21
,2000-01-24
,2000-01-25
,2000-01-26
,2000-01-27
,2000-01-28
,2000-02-14
,2000-02-15
,2000-02-16
,2000-02-17
,2000-02-18
,2000-02-21
,2000-02-22
,2000-02-23
,2000-02-24
,2000-02-25
,2000-02-28
,2000-02-29
,2000-03-01
,2000-03-02
,2000-03-03
,2000-03-06
,2000-03-07
,2000-03-08
,2000-03-09
,2000-03-10
,2000-03-13
,2000-03-14
,2000-03-15
,2000-03-16
,2000-03-17
,2000-03-20
,2000-03-21
,2000-03-22
,2000-03-23
,2000-03-24
,2000-03-27
,2000-03-28
,2000-03-29
,2000-03-30
,2000-03-31
,2000-04-03
,2000-04-04
,2000-04-05
,2000-04-06
,2000-04-07
,2000-04-10
,2000-04-11
,2000-04-12
,2000-04-13
,2000-04-14
,2000-04-17
,2000-04-18
,2000-04-19
,2000-04-20
,2000-04-21
,2000-04-24
,2000-04-25
,2000-04-26
,2000-04-27
,2000-04-28
,2000-05-08
,2000-05-09
,2000-05-10
,2000-05-11
,2000-05-12
,2000-05-15
,2000-05-16
,2000-05-17
,2000-05-18
,2000-05-19
,2000-05-22
,2000-05-23
,2000-05-24
,2000-05-25
,2000-05-26
,2000-05-29
,2000-05-30
,2000-05-31
,2000-06-01
,2000-06-02
,2000-06-05
,2000-06-06
,2000-06-07
,2000-06-08
,2000-06-09
,2000-06-12
,2000-06-13
,2000-06-14
,2000-06-15
,2000-06-16
,2000-06-19
,2000-06-20
,2000-06-21
,2000-06-22
,2000-06-23
,2000-06-26
,2000-06-27
,2000-06-28
,2000-06-29
,2000-06-30
,2000-07-03
,2000-07-04
,2000-07-05
,2000-07-06
,2000-07-07
,2000-07-10
,2000-07-11
,2000-07-12
,2000-07-13
,2000-07-14
,2000-07-17
,2000-07-18
,2000-07-19
,2000-07-20
,2000-07-21
,2000-07-24
,2000-07-25
,2000-07-26
,2000-07-27
,2000-07-28
,2000-07-31
,2000-08-01
,2000-08-02
,2000-08-03
,2000-08-04
,2000-08-07
,2000-08-08
,2000-08-09
,2000-08-10
,2000-08-11
,2000-08-14
,2000-08-15
,2000-08-16
,2000-08-17
,2000-08-18
,2000-08-21
,2000-08-22
,2000-08-23
,2000-08-24
,2000-08-25
,2000-08-28
,2000-08-29
,2000-08-30
,2000-08-31
,2000-09-01
,2000-09-04
,2000-09-05
,2000-09-06
,2000-09-07
,2000-09-08
,2000-09-11
,2000-09-12
,2000-09-13
,2000-09-14
,2000-09-15
,2000-09-18
,2000-09-19
,2000-09-20
,2000-09-21
,2000-09-22
,2000-09-25
,2000-09-26
,2000-09-27
,2000-09-28
,2000-09-29
,2000-10-09
,2000-10-10
,2000-10-11
,2000-10-12
,2000-10-13
,2000-10-16
,2000-10-17
,2000-10-18
,2000-10-19
,2000-10-20
,2000-10-23
,2000-10-24
,2000-10-25
,2000-10-26
,2000-10-27
,2000-10-30
,2000-10-31
,2000-11-01
,2000-11-02
,2000-11-03
,2000-11-06
,2000-11-07
,2000-11-08
,2000-11-09
,2000-11-10
,2000-11-13
,2000-11-14
,2000-11-15
,2000-11-16
,2000-11-17
,2000-11-20
,2000-11-21
,2000-11-22
,2000-11-23
,2000-11-24
,2000-11-27
,2000-11-28
,2000-11-29
,2000-11-30
,2000-12-01
,2000-12-04
,2000-12-05
,2000-12-06
,2000-12-07
,2000-12-08
,2000-12-11
,2000-12-12
,2000-12-13
,2000-12-14
,2000-12-15
,2000-12-18
,2000-12-19
,2000-12-20
,2000-12-21
,2000-12-22
,2000-12-25
,2000-12-26
,2000-12-27
,2000-12-28
,2000-12-29
,2001-01-02
,2001-01-03
,2001-01-04
,2001-01-05
,2001-01-08
,2001-01-09
,2001-01-10
,2001-01-11
,2001-01-12
,2001-01-15
,2001-01-16
,2001-01-17
,2001-01-18
,2001-01-19
,2001-02-05
,2001-02-06
,2001-02-07
,2001-02-08
,2001-02-09
,2001-02-12
,2001-02-13
,2001-02-14
,2001-02-15
,2001-02-16
,2001-02-19
,2001-02-20
,2001-02-21
,2001-02-22
,2001-02-23
,2001-02-26
,2001-02-27
,2001-02-28
,2001-03-01
,2001-03-02
,2001-03-05
,2001-03-06
,2001-03-07
,2001-03-08
,2001-03-09
,2001-03-12
,2001-03-13
,2001-03-14
,2001-03-15
,2001-03-16
,2001-03-19
,2001-03-20
,2001-03-21
,2001-03-22
,2001-03-23
,2001-03-26
,2001-03-27
,2001-03-28
,2001-03-29
,2001-03-30
,2001-04-02
,2001-04-03
,2001-04-04
,2001-04-05
,2001-04-06
,2001-04-09
,2001-04-10
,2001-04-11
,2001-04-12
,2001-04-13
,2001-04-16
,2001-04-17
,2001-04-18
,2001-04-19
,2001-04-20
,2001-04-23
,2001-04-24
,2001-04-25
,2001-04-26
,2001-04-27
,2001-04-30
,2001-05-08
,2001-05-09
,2001-05-10
,2001-05-11
,2001-05-14
,2001-05-15
,2001-05-16
,2001-05-17
,2001-05-18
,2001-05-21
,2001-05-22
,2001-05-23
,2001-05-24
,2001-05-25
,2001-05-28
,2001-05-29
,2001-05-30
,2001-05-31
,2001-06-01
,2001-06-04
,2001-06-05
,2001-06-06
,2001-06-07
,2001-06-08
,2001-06-11
,2001-06-12
,2001-06-13
,2001-06-14
,2001-06-15
,2001-06-18
,2001-06-19
,2001-06-20
,2001-06-21
,2001-06-22
,2001-06-25
,2001-06-26
,2001-06-27
,2001-06-28
,2001-06-29
,2001-07-02
,2001-07-03
,2001-07-04
,2001-07-05
,2001-07-06
,2001-07-09
,2001-07-10
,2001-07-11
,2001-07-12
,2001-07-13
,2001-07-16
,2001-07-17
,2001-07-18
,2001-07-19
,2001-07-20
,2001-07-23
,2001-07-24
,2001-07-25
,2001-07-26
,2001-07-27
,2001-07-30
,2001-07-31
,2001-08-01
,2001-08-02
,2001-08-03
,2001-08-06
,2001-08-07
,2001-08-08
,2001-08-09
,2001-08-10
,2001-08-13
,2001-08-14
,2001-08-15
,2001-08-16
,2001-08-17
,2001-08-20
,2001-08-21
,2001-08-22
,2001-08-23
,2001-08-24
,2001-08-27
,2001-08-28
,2001-08-29
,2001-08-30
,2001-08-31
,2001-09-03
,2001-09-04
,2001-09-05
,2001-09-06
,2001-09-07
,2001-09-10
,2001-09-11
,2001-09-12
,2001-09-13
,2001-09-14
,2001-09-17
,2001-09-18
,2001-09-19
,2001-09-20
,2001-09-21
,2001-09-24
,2001-09-25
,2001-09-26
,2001-09-27
,2001-09-28
,2001-10-08
,2001-10-09
,2001-10-10
,2001-10-11
,2001-10-12
,2001-10-15
,2001-10-16
,2001-10-17
,2001-10-18
,2001-10-19
,2001-10-22
,2001-10-23
,2001-10-24
,2001-10-25
,2001-10-26
,2001-10-29
,2001-10-30
,2001-10-31
,2001-11-01
,2001-11-02
,2001-11-05
,2001-11-06
,2001-11-07
,2001-11-08
,2001-11-09
,2001-11-12
,2001-11-13
,2001-11-14
,2001-11-15
,2001-11-16
,2001-11-19
,2001-11-20
,2001-11-21
,2001-11-22
,2001-11-23
,2001-11-26
,2001-11-27
,2001-11-28
,2001-11-29
,2001-11-30
,2001-12-03
,2001-12-04
,2001-12-05
,2001-12-06
,2001-12-07
,2001-12-10
,2001-12-11
,2001-12-12
,2001-12-13
,2001-12-14
,2001-12-17
,2001-12-18
,2001-12-19
,2001-12-20
,2001-12-21
,2001-12-24
,2001-12-25
,2001-12-26
,2001-12-27
,2001-12-28
,2001-12-31
,2002-01-04
,2002-01-07
,2002-01-08
,2002-01-09
,2002-01-10
,2002-01-11
,2002-01-14
,2002-01-15
,2002-01-16
,2002-01-17
,2002-01-18
,2002-01-21
,2002-01-22
,2002-01-23
,2002-01-24
,2002-01-25
,2002-01-28
,2002-01-29
,2002-01-30
,2002-01-31
,2002-02-01
,2002-02-04
,2002-02-05
,2002-02-06
,2002-02-07
,2002-02-08
,2002-02-25
,2002-02-26
,2002-02-27
,2002-02-28
,2002-03-01
,2002-03-04
,2002-03-05
,2002-03-06
,2002-03-07
,2002-03-08
,2002-03-11
,2002-03-12
,2002-03-13
,2002-03-14
,2002-03-15
,2002-03-18
,2002-03-19
,2002-03-20
,2002-03-21
,2002-03-22
,2002-03-25
,2002-03-26
,2002-03-27
,2002-03-28
,2002-03-29
,2002-04-01
,2002-04-02
,2002-04-03
,2002-04-04
,2002-04-05
,2002-04-08
,2002-04-09
,2002-04-10
,2002-04-11
,2002-04-12
,2002-04-15
,2002-04-16
,2002-04-17
,2002-04-18
,2002-04-19
,2002-04-22
,2002-04-23
,2002-04-24
,2002-04-25
,2002-04-26
,2002-04-29
,2002-04-30
,2002-05-08
,2002-05-09
,2002-05-10
,2002-05-13
,2002-05-14
,2002-05-15
,2002-05-16
,2002-05-17
,2002-05-20
,2002-05-21
,2002-05-22
,2002-05-23
,2002-05-24
,2002-05-27
,2002-05-28
,2002-05-29
,2002-05-30
,2002-05-31
,2002-06-03
,2002-06-04
,2002-06-05
,2002-06-06
,2002-06-07
,2002-06-10
,2002-06-11
,2002-06-12
,2002-06-13
,2002-06-14
,2002-06-17
,2002-06-18
,2002-06-19
,2002-06-20
,2002-06-21
,2002-06-24
,2002-06-25
,2002-06-26
,2002-06-27
,2002-06-28
,2002-07-01
,2002-07-02
,2002-07-03
,2002-07-04
,2002-07-05
,2002-07-08
,2002-07-09
,2002-07-10
,2002-07-11
,2002-07-12
,2002-07-15
,2002-07-16
,2002-07-17
,2002-07-18
,2002-07-19
,2002-07-22
,2002-07-23
,2002-07-24
,2002-07-25
,2002-07-26
,2002-07-29
,2002-07-30
,2002-07-31
,2002-08-01
,2002-08-02
,2002-08-05
,2002-08-06
,2002-08-07
,2002-08-08
,2002-08-09
,2002-08-12
,2002-08-13
,2002-08-14
,2002-08-15
,2002-08-16
,2002-08-19
,2002-08-20
,2002-08-21
,2002-08-22
,2002-08-23
,2002-08-26
,2002-08-27
,2002-08-28
,2002-08-29
,2002-08-30
,2002-09-02
,2002-09-03
,2002-09-04
,2002-09-05
,2002-09-06
,2002-09-09
,2002-09-10
,2002-09-11
,2002-09-12
,2002-09-13
,2002-09-16
,2002-09-17
,2002-09-18
,2002-09-19
,2002-09-20
,2002-09-23
,2002-09-24
,2002-09-25
,2002-09-26
,2002-09-27
,2002-10-08
,2002-10-09
,2002-10-10
,2002-10-11
,2002-10-14
,2002-10-15
,2002-10-16
,2002-10-17
,2002-10-18
,2002-10-21
,2002-10-22
,2002-10-23
,2002-10-24
,2002-10-25
,2002-10-28
,2002-10-29
,2002-10-30
,2002-10-31
,2002-11-01
,2002-11-04
,2002-11-05
,2002-11-06
,2002-11-07
,2002-11-08
,2002-11-11
,2002-11-12
,2002-11-13
,2002-11-14
,2002-11-15
,2002-11-18
,2002-11-19
,2002-11-20
,2002-11-21
,2002-11-22
,2002-11-25
,2002-11-26
,2002-11-27
,2002-11-28
,2002-11-29
,2002-12-02
,2002-12-03
,2002-12-04
,2002-12-05
,2002-12-06
,2002-12-09
,2002-12-10
,2002-12-11
,2002-12-12
,2002-12-13
,2002-12-16
,2002-12-17
,2002-12-18
,2002-12-19
,2002-12-20
,2002-12-23
,2002-12-24
,2002-12-25
,2002-12-26
,2002-12-27
,2002-12-30
,2002-12-31
,2003-01-02
,2003-01-03
,2003-01-06
,2003-01-07
,2003-01-08
,2003-01-09
,2003-01-10
,2003-01-13
,2003-01-14
,2003-01-15
,2003-01-16
,2003-01-17
,2003-01-20
,2003-01-21
,2003-01-22
,2003-01-23
,2003-01-24
,2003-01-27
,2003-01-28
,2003-01-29
,2003-02-10
,2003-02-11
,2003-02-12
,2003-02-13
,2003-02-14
,2003-02-17
,2003-02-18
,2003-02-19
,2003-02-20
,2003-02-21
,2003-02-24
,2003-02-25
,2003-02-26
,2003-02-27
,2003-02-28
,2003-03-03
,2003-03-04
,2003-03-05
,2003-03-06
,2003-03-07
,2003-03-10
,2003-03-11
,2003-03-12
,2003-03-13
,2003-03-14
,2003-03-17
,2003-03-18
,2003-03-19
,2003-03-20
,2003-03-21
,2003-03-24
,2003-03-25
,2003-03-26
,2003-03-27
,2003-03-28
,2003-03-31
,2003-04-01
,2003-04-02
,2003-04-03
,2003-04-04
,2003-04-07
,2003-04-08
,2003-04-09
,2003-04-10
,2003-04-11
,2003-04-14
,2003-04-15
,2003-04-16
,2003-04-17
,2003-04-18
,2003-04-21
,2003-04-22
,2003-04-23
,2003-04-24
,2003-04-25
,2003-04-28
,2003-04-29
,2003-04-30
,2003-05-12
,2003-05-13
,2003-05-14
,2003-05-15
,2003-05-16
,2003-05-19
,2003-05-20
,2003-05-21
,2003-05-22
,2003-05-23
,2003-05-26
,2003-05-27
,2003-05-28
,2003-05-29
,2003-05-30
,2003-06-02
,2003-06-03
,2003-06-04
,2003-06-05
,2003-06-06
,2003-06-09
,2003-06-10
,2003-06-11
,2003-06-12
,2003-06-13
,2003-06-16
,2003-06-17
,2003-06-18
,2003-06-19
,2003-06-20
,2003-06-23
,2003-06-24
,2003-06-25
,2003-06-26
,2003-06-27
,2003-06-30
,2003-07-01
,2003-07-02
,2003-07-03
,2003-07-04
,2003-07-07
,2003-07-08
,2003-07-09
,2003-07-10
,2003-07-11
,2003-07-14
,2003-07-15
,2003-07-16
,2003-07-17
,2003-07-18
,2003-07-21
,2003-07-22
,2003-07-23
,2003-07-24
,2003-07-25
,2003-07-28
,2003-07-29
,2003-07-30
,2003-07-31
,2003-08-01
,2003-08-04
,2003-08-05
,2003-08-06
,2003-08-07
,2003-08-08
,2003-08-11
,2003-08-12
,2003-08-13
,2003-08-14
,2003-08-15
,2003-08-18
,2003-08-19
,2003-08-20
,2003-08-21
,2003-08-22
,2003-08-25
,2003-08-26
,2003-08-27
,2003-08-28
,2003-08-29
,2003-09-01
,2003-09-02
,2003-09-03
,2003-09-04
,2003-09-05
,2003-09-08
,2003-09-09
,2003-09-10
,2003-09-11
,2003-09-12
,2003-09-15
,2003-09-16
,2003-09-17
,2003-09-18
,2003-09-19
,2003-09-22
,2003-09-23
,2003-09-24
,2003-09-25
,2003-09-26
,2003-09-29
,2003-09-30
,2003-10-08
,2003-10-09
,2003-10-10
,2003-10-13
,2003-10-14
,2003-10-15
,2003-10-16
,2003-10-17
,2003-10-20
,2003-10-21
,2003-10-22
,2003-10-23
,2003-10-24
,2003-10-27
,2003-10-28
,2003-10-29
,2003-10-30
,2003-10-31
,2003-11-03
,2003-11-04
,2003-11-05
,2003-11-06
,2003-11-07
,2003-11-10
,2003-11-11
,2003-11-12
,2003-11-13
,2003-11-14
,2003-11-17
,2003-11-18
,2003-11-19
,2003-11-20
,2003-11-21
,2003-11-24
,2003-11-25
,2003-11-26
,2003-11-27
,2003-11-28
,2003-12-01
,2003-12-02
,2003-12-03
,2003-12-04
,2003-12-05
,2003-12-08
,2003-12-09
,2003-12-10
,2003-12-11
,2003-12-12
,2003-12-15
,2003-12-16
,2003-12-17
,2003-12-18
,2003-12-19
,2003-12-22
,2003-12-23
,2003-12-24
,2003-12-25
,2003-12-26
,2003-12-29
,2003-12-30
,2003-12-31
,2004-01-02
,2004-01-05
,2004-01-06
,2004-01-07
,2004-01-08
,2004-01-09
,2004-01-12
,2004-01-13
,2004-01-14
,2004-01-15
,2004-01-16
,2004-01-29
,2004-01-30
,2004-02-02
,2004-02-03
,2004-02-04
,2004-02-05
,2004-02-06
,2004-02-09
,2004-02-10
,2004-02-11
,2004-02-12
,2004-02-13
,2004-02-16
,2004-02-17
,2004-02-18
,2004-02-19
,2004-02-20
,2004-02-23
,2004-02-24
,2004-02-25
,2004-02-26
,2004-02-27
,2004-03-01
,2004-03-02
,2004-03-03
,2004-03-04
,2004-03-05
,2004-03-08
,2004-03-09
,2004-03-10
,2004-03-11
,2004-03-12
,2004-03-15
,2004-03-16
,2004-03-17
,2004-03-18
,2004-03-19
,2004-03-22
,2004-03-23
,2004-03-24
,2004-03-25
,2004-03-26
,2004-03-29
,2004-03-30
,2004-03-31
,2004-04-01
,2004-04-02
,2004-04-05
,2004-04-06
,2004-04-07
,2004-04-08
,2004-04-09
,2004-04-12
,2004-04-13
,2004-04-14
,2004-04-15
,2004-04-16
,2004-04-19
,2004-04-20
,2004-04-21
,2004-04-22
,2004-04-23
,2004-04-26
,2004-04-27
,2004-04-28
,2004-04-29
,2004-04-30
,2004-05-10
,2004-05-11
,2004-05-12
,2004-05-13
,2004-05-14
,2004-05-17
,2004-05-18
,2004-05-19
,2004-05-20
,2004-05-21
,2004-05-24
,2004-05-25
,2004-05-26
,2004-05-27
,2004-05-28
,2004-05-31
,2004-06-01
,2004-06-02
,2004-06-03
,2004-06-04
,2004-06-07
,2004-06-08
,2004-06-09
,2004-06-10
,2004-06-11
,2004-06-14
,2004-06-15
,2004-06-16
,2004-06-17
,2004-06-18
,2004-06-21
,2004-06-22
,2004-06-23
,2004-06-24
,2004-06-25
,2004-06-28
,2004-06-29
,2004-06-30
,2004-07-01
,2004-07-02
,2004-07-05
,2004-07-06
,2004-07-07
,2004-07-08
,2004-07-09
,2004-07-12
,2004-07-13
,2004-07-14
,2004-07-15
,2004-07-16
,2004-07-19
,2004-07-20
,2004-07-21
,2004-07-22
,2004-07-23
,2004-07-26
,2004-07-27
,2004-07-28
,2004-07-29
,2004-07-30
,2004-08-02
,2004-08-03
,2004-08-04
,2004-08-05
,2004-08-06
,2004-08-09
,2004-08-10
,2004-08-11
,2004-08-12
,2004-08-13
,2004-08-16
,2004-08-17
,2004-08-18
,2004-08-19
,2004-08-20
,2004-08-23
,2004-08-24
,2004-08-25
,2004-08-26
,2004-08-27
,2004-08-30
,2004-08-31
,2004-09-01
,2004-09-02
,2004-09-03
,2004-09-06
,2004-09-07
,2004-09-08
,2004-09-09
,2004-09-10
,2004-09-13
,2004-09-14
,2004-09-15
,2004-09-16
,2004-09-17
,2004-09-20
,2004-09-21
,2004-09-22
,2004-09-23
,2004-09-24
,2004-09-27
,2004-09-28
,2004-09-29
,2004-09-30
,2004-10-08
,2004-10-11
,2004-10-12
,2004-10-13
,2004-10-14
,2004-10-15
,2004-10-18
,2004-10-19
,2004-10-20
,2004-10-21
,2004-10-22
,2004-10-25
,2004-10-26
,2004-10-27
,2004-10-28
,2004-10-29
,2004-11-01
,2004-11-02
,2004-11-03
,2004-11-04
,2004-11-05
,2004-11-08
,2004-11-09
,2004-11-10
,2004-11-11
,2004-11-12
,2004-11-15
,2004-11-16
,2004-11-17
,2004-11-18
,2004-11-19
,2004-11-22
,2004-11-23
,2004-11-24
,2004-11-25
,2004-11-26
,2004-11-29
,2004-11-30
,2004-12-01
,2004-12-02
,2004-12-03
,2004-12-06
,2004-12-07
,2004-12-08
,2004-12-09
,2004-12-10
,2004-12-13
,2004-12-14
,2004-12-15
,2004-12-16
,2004-12-17
,2004-12-20
,2004-12-21
,2004-12-22
,2004-12-23
,2004-12-24
,2004-12-27
,2004-12-28
,2004-12-29
,2004-12-30
,2004-12-31
,2005-01-04
,2005-01-05
,2005-01-06
,2005-01-07
,2005-01-10
,2005-01-11
,2005-01-12
,2005-01-13
,2005-01-14
,2005-01-17
,2005-01-18
,2005-01-19
,2005-01-20
,2005-01-21
,2005-01-24
,2005-01-25
,2005-01-26
,2005-01-27
,2005-01-28
,2005-01-31
,2005-02-01
,2005-02-02
,2005-02-03
,2005-02-04
,2005-02-16
,2005-02-17
,2005-02-18
,2005-02-21
,2005-02-22
,2005-02-23
,2005-02-24
,2005-02-25
,2005-02-28
,2005-03-01
,2005-03-02
,2005-03-03
,2005-03-04
,2005-03-07
,2005-03-08
,2005-03-09
,2005-03-10
,2005-03-11
,2005-03-14
,2005-03-15
,2005-03-16
,2005-03-17
,2005-03-18
,2005-03-21
,2005-03-22
,2005-03-23
,2005-03-24
,2005-03-25
,2005-03-28
,2005-03-29
,2005-03-30
,2005-03-31
,2005-04-01
,2005-04-04
,2005-04-05
,2005-04-06
,2005-04-07
,2005-04-08
,2005-04-11
,2005-04-12
,2005-04-13
,2005-04-14
,2005-04-15
,2005-04-18
,2005-04-19
,2005-04-20
,2005-04-21
,2005-04-22
,2005-04-25
,2005-04-26
,2005-04-27
,2005-04-28
,2005-04-29
,2005-05-09
,2005-05-10
,2005-05-11
,2005-05-12
,2005-05-13
,2005-05-16
,2005-05-17
,2005-05-18
,2005-05-19
,2005-05-20
,2005-05-23
,2005-05-24
,2005-05-25
,2005-05-26
,2005-05-27
,2005-05-30
,2005-05-31
,2005-06-01
,2005-06-02
,2005-06-03
,2005-06-06
,2005-06-07
,2005-06-08
,2005-06-09
,2005-06-10
,2005-06-13
,2005-06-14
,2005-06-15
,2005-06-16
,2005-06-17
,2005-06-20
,2005-06-21
,2005-06-22
,2005-06-23
,2005-06-24
,2005-06-27
,2005-06-28
,2005-06-29
,2005-06-30
,2005-07-01
,2005-07-04
,2005-07-05
,2005-07-06
,2005-07-07
,2005-07-08
,2005-07-11
,2005-07-12
,2005-07-13
,2005-07-14
,2005-07-15
,2005-07-18
,2005-07-19
,2005-07-20
,2005-07-21
,2005-07-22
,2005-07-25
,2005-07-26
,2005-07-27
,2005-07-28
,2005-07-29
,2005-08-01
,2005-08-02
,2005-08-03
,2005-08-04
,2005-08-05
,2005-08-08
,2005-08-09
,2005-08-10
,2005-08-11
,2005-08-12
,2005-08-15
,2005-08-16
,2005-08-17
,2005-08-18
,2005-08-19
,2005-08-22
,2005-08-23
,2005-08-24
,2005-08-25
,2005-08-26
,2005-08-29
,2005-08-30
,2005-08-31
,2005-09-01
,2005-09-02
,2005-09-05
,2005-09-06
,2005-09-07
,2005-09-08
,2005-09-09
,2005-09-12
,2005-09-13
,2005-09-14
,2005-09-15
,2005-09-16
,2005-09-19
,2005-09-20
,2005-09-21
,2005-09-22
,2005-09-23
,2005-09-26
,2005-09-27
,2005-09-28
,2005-09-29
,2005-09-30
,2005-10-10
,2005-10-11
,2005-10-12
,2005-10-13
,2005-10-14
,2005-10-17
,2005-10-18
,2005-10-19
,2005-10-20
,2005-10-21
,2005-10-24
,2005-10-25
,2005-10-26
,2005-10-27
,2005-10-28
,2005-10-31
,2005-11-01
,2005-11-02
,2005-11-03
,2005-11-04
,2005-11-07
,2005-11-08
,2005-11-09
,2005-11-10
,2005-11-11
,2005-11-14
,2005-11-15
,2005-11-16
,2005-11-17
,2005-11-18
,2005-11-21
,2005-11-22
,2005-11-23
,2005-11-24
,2005-11-25
,2005-11-28
,2005-11-29
,2005-11-30
,2005-12-01
,2005-12-02
,2005-12-05
,2005-12-06
,2005-12-07
,2005-12-08
,2005-12-09
,2005-12-12
,2005-12-13
,2005-12-14
,2005-12-15
,2005-12-16
,2005-12-19
,2005-12-20
,2005-12-21
,2005-12-22
,2005-12-23
,2005-12-26
,2005-12-27
,2005-12-28
,2005-12-29
,2005-12-30
,2006-01-04
,2006-01-05
,2006-01-06
,2006-01-09
,2006-01-10
,2006-01-11
,2006-01-12
,2006-01-13
,2006-01-16
,2006-01-17
,2006-01-18
,2006-01-19
,2006-01-20
,2006-01-23
,2006-01-24
,2006-01-25
,2006-02-06
,2006-02-07
,2006-02-08
,2006-02-09
,2006-02-10
,2006-02-13
,2006-02-14
,2006-02-15
,2006-02-16
,2006-02-17
,2006-02-20
,2006-02-21
,2006-02-22
,2006-02-23
66.71,2006-02-24
65.69,2006-02-27
66.32,2006-02-28
66.32,2006-03-01
66.32,2006-03-02
67.8,2006-03-03
66.41,2006-03-06
65.0,2006-03-07
64.1,2006-03-08
64.82,2006-03-09
64.14,2006-03-10
65.76,2006-03-13
66.94,2006-03-14
65.42,2006-03-15
66.62,2006-03-16
65.57,2006-03-17
64.1,2006-03-20
65.01,2006-03-21
64.51,2006-03-22
65.43,2006-03-23
64.5,2006-03-24
65.14,2006-03-27
66.4,2006-03-28
66.68,2006-03-29
67.36,2006-03-30
67.36,2006-03-31
67.01,2006-04-03
67.18,2006-04-04
67.34,2006-04-05
67.54,2006-04-06
67.45,2006-04-07
68.45,2006-04-10
68.64,2006-04-11
68.35,2006-04-12
68.8,2006-04-13
68.8,2006-04-14
68.8,2006-04-17
69.65,2006-04-18
70.1,2006-04-19
70.21,2006-04-20
71.73,2006-04-21
71.11,2006-04-24
71.53,2006-04-25
70.96,2006-04-26
70.4,2006-04-27
70.49,2006-04-28
70.13,2006-05-08
71.15,2006-05-09
72.65,2006-05-10
72.79,2006-05-11
71.62,2006-05-12
70.5,2006-05-15
70.38,2006-05-16
69.86,2006-05-17
70.81,2006-05-18
69.66,2006-05-19
70.1,2006-05-22
70.72,2006-05-23
68.91,2006-05-24
70.24,2006-05-25
70.08,2006-05-26
70.08,2006-05-29
70.08,2006-05-30
69.45,2006-05-31
68.34,2006-06-01
69.93,2006-06-02
70.33,2006-06-05
70.37,2006-06-06
69.72,2006-06-07
69.49,2006-06-08
69.83,2006-06-09
68.5,2006-06-12
66.66,2006-06-13
67.13,2006-06-14
67.1,2006-06-15
68.11,2006-06-16
68.02,2006-06-19
67.34,2006-06-20
67.81,2006-06-21
68.38,2006-06-22
68.48,2006-06-23
69.49,2006-06-26
69.84,2006-06-27
70.27,2006-06-28
70.92,2006-06-29
71.17,2006-06-30
71.67,2006-07-03
71.24,2006-07-04
73.17,2006-07-05
73.07,2006-07-06
72.85,2006-07-07
72.91,2006-07-10
73.16,2006-07-11
73.44,2006-07-12
74.75,2006-07-13
74.79,2006-07-14
74.09,2006-07-17
73.15,2006-07-18
72.93,2006-07-19
72.16,2006-07-20
72.22,2006-07-21
72.78,2006-07-24
71.79,2006-07-25
72.69,2006-07-26
73.5,2006-07-27
72.66,2006-07-28
73.9,2006-07-31
74.3,2006-08-01
74.43,2006-08-02
74.35,2006-08-03
74.17,2006-08-04
75.54,2006-08-07
74.43,2006-08-08
74.16,2006-08-09
73.29,2006-08-10
74.02,2006-08-11
73.64,2006-08-14
73.08,2006-08-15
72.68,2006-08-16
71.89,2006-08-17
72.13,2006-08-18
72.87,2006-08-21
72.63,2006-08-22
72.52,2006-08-23
72.53,2006-08-24
72.18,2006-08-25
71.84,2006-08-28
71.48,2006-08-29
71.64,2006-08-30
71.88,2006-08-31
70.86,2006-09-01
70.52,2006-09-04
71.2,2006-09-05
70.4,2006-09-06
70.44,2006-09-07
69.61,2006-09-08
68.74,2006-09-11
67.3,2006-09-12
67.93,2006-09-13
67.95,2006-09-14
67.87,2006-09-15
67.63,2006-09-18
65.72,2006-09-19
64.62,2006-09-20
64.56,2006-09-21
64.02,2006-09-22
64.34,2006-09-25
63.8,2006-09-26
65.41,2006-09-27
65.82,2006-09-28
66.79,2006-09-29
65.22,2006-10-09
65.21,2006-10-10
65.25,2006-10-11
66.11,2006-10-12
66.27,2006-10-13
67.59,2006-10-16
67.79,2006-10-17
67.67,2006-10-18
67.38,2006-10-19
66.91,2006-10-20
66.85,2006-10-23
67.11,2006-10-24
68.24,2006-10-25
67.06,2006-10-26
67.7,2006-10-27
66.04,2006-10-30
66.48,2006-10-31
66.5,2006-11-01
65.72,2006-11-02
66.72,2006-11-03
67.62,2006-11-06
66.22,2006-11-07
66.71,2006-11-08
67.61,2006-11-09
66.58,2006-11-10
66.31,2006-11-13
66.27,2006-11-14
67.1,2006-11-15
66.08,2006-11-16
67.17,2006-11-17
67.64,2006-11-20
68.33,2006-11-21
68.26,2006-11-22
68.29,2006-11-23
68.87,2006-11-24
68.54,2006-11-27
68.36,2006-11-28
68.86,2006-11-29
69.17,2006-11-30
69.72,2006-12-01
69.25,2006-12-04
69.17,2006-12-05
68.71,2006-12-06
68.31,2006-12-07
67.89,2006-12-08
67.57,2006-12-11
67.32,2006-12-12
67.63,2006-12-13
68.48,2006-12-14
68.49,2006-12-15
67.22,2006-12-18
67.96,2006-12-19
68.86,2006-12-20
68.43,2006-12-21
68.34,2006-12-22
68.34,2006-12-25
68.34,2006-12-26
66.5,2006-12-27
66.46,2006-12-28
66.9,2006-12-29
62.13,2007-01-04
63.42,2007-01-05
63.75,2007-01-08
63.59,2007-01-09
62.0,2007-01-10
59.67,2007-01-11
60.29,2007-01-12
60.32,2007-01-15
58.82,2007-01-16
59.36,2007-01-17
58.61,2007-01-18
59.89,2007-01-19
59.68,2007-01-22
61.12,2007-01-23
61.1,2007-01-24
60.3,2007-01-25
61.1,2007-01-26
60.03,2007-01-29
62.4,2007-01-30
63.44,2007-01-31
62.81,2007-02-01
64.71,2007-02-02
64.49,2007-02-05
64.14,2007-02-06
62.85,2007-02-07
64.82,2007-02-08
64.84,2007-02-09
63.41,2007-02-12
64.43,2007-02-13
62.91,2007-02-14
62.42,2007-02-15
63.66,2007-02-16
67.38,2007-02-26
67.45,2007-02-27
68.25,2007-02-28
68.07,2007-03-01
67.3,2007-03-02
66.16,2007-03-05
66.96,2007-03-06
67.84,2007-03-07
67.71,2007-03-08
66.76,2007-03-09
66.31,2007-03-12
66.19,2007-03-13
66.55,2007-03-14
65.99,2007-03-15
65.97,2007-03-16
66.26,2007-03-19
66.01,2007-03-20
66.58,2007-03-21
67.79,2007-03-22
67.56,2007-03-23
68.47,2007-03-26
68.94,2007-03-27
68.86,2007-03-28
68.89,2007-03-29
68.25,2007-03-30
68.9,2007-04-02
68.88,2007-04-03
69.6,2007-04-04
70.06,2007-04-05
70.06,2007-04-06
70.06,2007-04-09
70.12,2007-04-10
70.01,2007-04-11
70.83,2007-04-12
70.57,2007-04-13
69.42,2007-04-16
68.88,2007-04-17
69.33,2007-04-18
68.92,2007-04-19
69.46,2007-04-20
70.57,2007-04-23
69.34,2007-04-24
70.62,2007-04-25
69.97,2007-04-26
71.07,2007-04-27
70.6,2007-04-30
69.43,2007-05-08
69.02,2007-05-09
69.14,2007-05-10
69.63,2007-05-11
69.17,2007-05-14
69.72,2007-05-15
69.36,2007-05-16
70.34,2007-05-17
70.19,2007-05-18
70.81,2007-05-21
69.81,2007-05-22
70.36,2007-05-23
70.18,2007-05-24
70.62,2007-05-25
70.1,2007-05-28
69.41,2007-05-29
69.46,2007-05-30
69.63,2007-05-31
70.51,2007-06-01
71.31,2007-06-04
70.97,2007-06-05
71.37,2007-06-06
71.81,2007-06-07
70.07,2007-06-08
71.33,2007-06-11
71.24,2007-06-12
71.9,2007-06-13
72.33,2007-06-14
72.65,2007-06-15
72.92,2007-06-18
72.57,2007-06-19
72.1,2007-06-20
71.71,2007-06-21
72.33,2007-06-22
72.8,2007-06-25
71.27,2007-06-26
71.16,2007-06-27
70.75,2007-06-28
72.16,2007-06-29
72.98,2007-07-02
73.07,2007-07-03
73.03,2007-07-04
72.85,2007-07-05
73.14,2007-07-06
73.52,2007-07-09
73.97,2007-07-10
73.65,2007-07-11
73.52,2007-07-12
73.75,2007-07-13
72.7,2007-07-16
71.29,2007-07-17
72.08,2007-07-18
71.78,2007-07-19
71.1,2007-07-20
71.07,2007-07-23
70.96,2007-07-24
71.75,2007-07-25
70.76,2007-07-26
71.38,2007-07-27
70.81,2007-07-30
71.55,2007-07-31
71.81,2007-08-01
72.31,2007-08-02
72.09,2007-08-03
70.11,2007-08-06
70.44,2007-08-07
69.77,2007-08-08
69.54,2007-08-09
69.11,2007-08-10
68.37,2007-08-13
68.64,2007-08-14
69.45,2007-08-15
67.97,2007-08-16
68.43,2007-08-17
68.14,2007-08-20
67.45,2007-08-21
67.57,2007-08-22
68.04,2007-08-23
68.39,2007-08-24
68.88,2007-08-27
68.24,2007-08-28
68.58,2007-08-29
68.24,2007-08-30
68.77,2007-08-31
69.08,2007-09-03
69.52,2007-09-04
69.08,2007-09-05
69.51,2007-09-06
69.97,2007-09-07
70.4,2007-09-10
71.12,2007-09-11
71.76,2007-09-12
70.99,2007-09-13
70.87,2007-09-14
71.35,2007-09-17
71.36,2007-09-18
72.05,2007-09-19
72.84,2007-09-20
73.63,2007-09-21
74.4,2007-09-24
73.48,2007-09-25
72.84,2007-09-26
73.51,2007-09-27
72.94,2007-09-28
73.07,2007-10-08
73.88,2007-10-09
74.71,2007-10-10
75.1,2007-10-11
75.05,2007-10-12
76.24,2007-10-15
76.39,2007-10-16
75.76,2007-10-17
76.84,2007-10-18
76.4,2007-10-19
76.13,2007-10-22
76.15,2007-10-23
77.22,2007-10-24
78.56,2007-10-25
79.46,2007-10-26
81.77,2007-10-29
79.81,2007-10-30
81.83,2007-10-31
80.89,2007-11-01
82.18,2007-11-02
81.02,2007-11-05
82.54,2007-11-06
82.89,2007-11-07
82.9,2007-11-08
83.19,2007-11-09
81.74,2007-11-12
80.2,2007-11-13
81.58,2007-11-14
81.01,2007-11-15
82.41,2007-11-16
83.36,2007-11-19
85.55,2007-11-20
85.01,2007-11-21
84.84,2007-11-22
85.93,2007-11-23
85.83,2007-11-26
84.03,2007-11-27
82.67,2007-11-28
83.62,2007-11-29
83.07,2007-11-30
84.79,2007-12-03
85.02,2007-12-04
84.16,2007-12-05
85.73,2007-12-06
84.75,2007-12-07
84.78,2007-12-10
85.74,2007-12-11
87.92,2007-12-12
86.5,2007-12-13
86.52,2007-12-14
86.74,2007-12-17
85.75,2007-12-18
86.33,2007-12-19
86.04,2007-12-20
86.64,2007-12-21
86.87,2007-12-24
86.87,2007-12-25
86.87,2007-12-26
87.44,2007-12-27
86.72,2007-12-28
86.61,2008-01-02
89.61,2008-01-03
90.09,2008-01-04
88.42,2008-01-07
88.89,2008-01-08
87.42,2008-01-09
86.35,2008-01-10
85.96,2008-01-11
87.01,2008-01-14
86.1,2008-01-15
85.4,2008-01-16
84.91,2008-01-17
85.12,2008-01-18
84.22,2008-01-21
84.79,2008-01-22
83.27,2008-01-23
84.92,2008-01-24
86.57,2008-01-25
87.38,2008-01-28
87.48,2008-01-29
88.15,2008-01-30
88.36,2008-01-31
86.8,2008-02-01
87.57,2008-02-04
85.99,2008-02-05
89.77,2008-02-13
91.69,2008-02-14
91.14,2008-02-15
91.45,2008-02-18
93.69,2008-02-19
93.83,2008-02-20
92.98,2008-02-21
93.29,2008-02-22
93.8,2008-02-25
95.69,2008-02-26
95.54,2008-02-27
98.34,2008-02-28
97.65,2008-02-29
98.38,2008-03-03
95.46,2008-03-04
98.92,2008-03-05
99.36,2008-03-06
97.17,2008-03-07
96.97,2008-03-10
98.05,2008-03-11
99.96,2008-03-12
101.26,2008-03-13
100.34,2008-03-14
96.86,2008-03-17
101.21,2008-03-18
96.12,2008-03-19
95.84,2008-03-20
95.84,2008-03-21
95.84,2008-03-24
96.08,2008-03-25
98.25,2008-03-26
99.18,2008-03-27
97.77,2008-03-28
95.02,2008-03-31
94.58,2008-04-01
97.9,2008-04-02
96.01,2008-04-03
100.49,2008-04-07
99.96,2008-04-08
101.26,2008-04-09
101.41,2008-04-10
102.16,2008-04-11
102.96,2008-04-14
104.58,2008-04-15
105.94,2008-04-16
106.49,2008-04-17
107.71,2008-04-18
108.51,2008-04-21
109.55,2008-04-22
110.22,2008-04-23
107.82,2008-04-24
109.19,2008-04-25
109.77,2008-04-28
107.5,2008-04-29
105.79,2008-04-30
112.38,2008-05-05
114.2,2008-05-06
116.65,2008-05-07
118.0,2008-05-08
121.25,2008-05-09
119.76,2008-05-12
120.68,2008-05-13
120.69,2008-05-14
120.57,2008-05-15
124.0,2008-05-16
125.83,2008-05-19
130.39,2008-05-20
134.4,2008-05-21
129.67,2008-05-22
129.43,2008-05-23
130.1,2008-05-26
127.37,2008-05-27
127.78,2008-05-28
124.76,2008-05-29
124.71,2008-05-30
125.73,2008-06-02
123.55,2008-06-03
121.83,2008-06-04
126.2,2008-06-05
133.64,2008-06-06
129.35,2008-06-10
134.84,2008-06-11
135.79,2008-06-12
134.7,2008-06-13
135.64,2008-06-16
134.61,2008-06-17
136.07,2008-06-18
132.11,2008-06-19
133.73,2008-06-20
135.28,2008-06-23
136.16,2008-06-24
134.24,2008-06-25
138.69,2008-06-26
139.21,2008-06-27
139.76,2008-06-30
140.9,2008-07-01
143.44,2008-07-02
144.98,2008-07-03
143.91,2008-07-04
142.3,2008-07-07
138.0,2008-07-08
137.87,2008-07-09
142.32,2008-07-10
144.61,2008-07-11
145.45,2008-07-14
139.86,2008-07-15
136.55,2008-07-16
131.42,2008-07-17
130.7,2008-07-18
133.02,2008-07-21
130.35,2008-07-22
126.52,2008-07-23
126.0,2008-07-24
124.21,2008-07-25
125.54,2008-07-28
123.14,2008-07-29
126.71,2008-07-30
123.93,2008-07-31
125.29,2008-08-01
121.41,2008-08-04
118.25,2008-08-05
117.42,2008-08-06
118.05,2008-08-07
115.26,2008-08-08
114.9,2008-08-11
113.34,2008-08-12
115.69,2008-08-13
115.07,2008-08-14
114.79,2008-08-15
113.54,2008-08-18
115.06,2008-08-19
116.98,2008-08-20
123.62,2008-08-21
117.2,2008-08-22
118.02,2008-08-25
118.36,2008-08-26
119.86,2008-08-27
117.94,2008-08-28
117.5,2008-08-29
113.5,2008-09-01
114.37,2008-09-02
113.51,2008-09-03
111.77,2008-09-04
109.79,2008-09-05
109.63,2008-09-08
106.64,2008-09-09
105.89,2008-09-10
104.39,2008-09-11
105.02,2008-09-12
94.0,2008-09-16
98.83,2008-09-17
99.95,2008-09-18
104.25,2008-09-19
110.1,2008-09-22
106.22,2008-09-23
106.15,2008-09-24
108.69,2008-09-25
108.13,2008-09-26
89.58,2008-10-06
91.27,2008-10-07
91.23,2008-10-08
90.29,2008-10-09
83.02,2008-10-10
86.28,2008-10-13
83.91,2008-10-14
80.22,2008-10-15
76.05,2008-10-16
77.75,2008-10-17
79.9,2008-10-20
78.38,2008-10-21
72.88,2008-10-22
73.81,2008-10-23
70.21,2008-10-24
69.2,2008-10-27
68.34,2008-10-28
73.55,2008-10-29
73.03,2008-10-30
74.88,2008-10-31
71.9,2008-11-03
79.38,2008-11-04
74.92,2008-11-05
71.08,2008-11-06
71.36,2008-11-07
71.96,2008-11-10
69.2,2008-11-11
66.17,2008-11-12
68.29,2008-11-13
67.08,2008-11-14
64.97,2008-11-17
63.67,2008-11-18
63.83,2008-11-19
59.83,2008-11-20
60.29,2008-11-21
64.77,2008-11-24
61.82,2008-11-25
65.35,2008-11-26
65.02,2008-11-27
65.42,2008-11-28
61.15,2008-12-01
59.32,2008-12-02
59.85,2008-12-03
57.36,2008-12-04
54.65,2008-12-05
57.98,2008-12-08
55.88,2008-12-09
55.6,2008-12-10
60.06,2008-12-11
59.0,2008-12-12
58.11,2008-12-15
57.39,2008-12-16
56.64,2008-12-17
54.76,2008-12-18
55.28,2008-12-19
52.52,2008-12-22
51.9,2008-12-23
48.8,2008-12-24
48.8,2008-12-25
51.33,2008-12-26
53.37,2008-12-29
53.66,2008-12-30
58.73,2008-12-31
62.16,2009-01-05
62.47,2009-01-06
58.74,2009-01-07
58.45,2009-01-08
58.69,2009-01-09
57.17,2009-01-12
58.41,2009-01-13
58.36,2009-01-14
58.34,2009-01-15
57.55,2009-01-16
54.77,2009-01-19
54.13,2009-01-20
53.64,2009-01-21
53.9,2009-01-22
56.5,2009-01-23
52.77,2009-02-02
52.83,2009-02-03
53.61,2009-02-04
55.07,2009-02-05
55.52,2009-02-06
55.37,2009-02-09
53.75,2009-02-10
53.69,2009-02-11
53.87,2009-02-12
52.52,2009-02-13
50.99,2009-02-16
48.8,2009-02-17
46.73,2009-02-18
49.54,2009-02-19
48.9,2009-02-20
48.63,2009-02-23
49.82,2009-02-24
50.79,2009-02-25
53.29,2009-02-26
52.52,2009-02-27
48.53,2009-03-02
49.63,2009-03-03
51.89,2009-03-04
50.92,2009-03-05
52.12,2009-03-06
51.68,2009-03-09
51.78,2009-03-10
49.59,2009-03-11
52.97,2009-03-12
52.3,2009-03-13
53.18,2009-03-16
55.48,2009-03-17
55.69,2009-03-18
59.18,2009-03-19
59.74,2009-03-20
62.08,2009-03-23
61.68,2009-03-24
60.13,2009-03-25
61.52,2009-03-26
60.17,2009-03-27
57.05,2009-03-30
57.72,2009-03-31
56.54,2009-04-01
60.97,2009-04-02
61.38,2009-04-03
59.71,2009-04-07
59.97,2009-04-08
61.91,2009-04-09
61.91,2009-04-10
61.91,2009-04-13
59.37,2009-04-14
59.25,2009-04-15
59.68,2009-04-16
59.67,2009-04-17
56.53,2009-04-20
56.42,2009-04-21
56.48,2009-04-22
56.28,2009-04-23
57.79,2009-04-24
56.63,2009-04-27
56.08,2009-04-28
57.21,2009-04-29
57.33,2009-04-30
59.56,2009-05-04
60.78,2009-05-05
62.42,2009-05-06
62.52,2009-05-07
63.69,2009-05-08
63.45,2009-05-11
63.7,2009-05-12
63.02,2009-05-13
63.35,2009-05-14
60.88,2009-05-15
63.12,2009-05-18
63.61,2009-05-19
64.8,2009-05-20
64.27,2009-05-21
64.87,2009-05-22
64.87,2009-05-25
65.23,2009-05-26
66.23,2009-05-27
71.52,2009-06-01
72.15,2009-06-02
70.46,2009-06-03
72.84,2009-06-04
72.72,2009-06-05
72.6,2009-06-08
73.95,2009-06-09
74.85,2009-06-10
76.12,2009-06-11
75.47,2009-06-12
74.15,2009-06-15
73.8,2009-06-16
74.5,2009-06-17
74.47,2009-06-18
72.89,2009-06-19
70.37,2009-06-22
71.87,2009-06-23
71.44,2009-06-24
72.98,2009-06-25
71.92,2009-06-26
73.09,2009-06-29
72.71,2009-06-30
72.36,2009-07-01
70.16,2009-07-02
69.21,2009-07-03
65.9,2009-07-06
66.44,2009-07-07
62.23,2009-07-08
64.47,2009-07-09
61.94,2009-07-10
63.41,2009-07-13
61.5,2009-07-14
63.76,2009-07-15
64.33,2009-07-16
65.85,2009-07-17
66.77,2009-07-20
66.97,2009-07-21
67.04,2009-07-22
68.87,2009-07-23
69.79,2009-07-24
70.05,2009-07-27
68.98,2009-07-28
65.23,2009-07-29
68.92,2009-07-30
71.15,2009-07-31
73.18,2009-08-03
73.3,2009-08-04
73.93,2009-08-05
73.87,2009-08-06
72.78,2009-08-07
72.61,2009-08-10
71.35,2009-08-11
72.01,2009-08-12
72.48,2009-08-13
69.6,2009-08-14
68.81,2009-08-17
71.09,2009-08-18
73.83,2009-08-19
72.91,2009-08-20
73.89,2009-08-21
74.37,2009-08-24
72.05,2009-08-25
71.43,2009-08-26
72.49,2009-08-27
72.74,2009-08-28
72.74,2009-08-31
68.05,2009-09-01
68.05,2009-09-02
67.96,2009-09-03
68.02,2009-09-04
67.79,2009-09-07
71.1,2009-09-08
71.31,2009-09-09
71.94,2009-09-10
69.29,2009-09-11
68.86,2009-09-14
70.93,2009-09-15
72.51,2009-09-16
72.47,2009-09-17
72.04,2009-09-18
70.41,2009-09-21
72.22,2009-09-22
69.51,2009-09-23
66.38,2009-09-24
66.42,2009-09-25
67.17,2009-09-28
67.08,2009-09-29
70.94,2009-09-30
72.25,2009-10-09
73.74,2009-10-12
74.71,2009-10-13
75.6,2009-10-14
78.08,2009-10-15
79.02,2009-10-16
79.96,2009-10-19
79.12,2009-10-20
81.37,2009-10-21
81.19,2009-10-22
80.5,2009-10-23
78.68,2009-10-26
79.55,2009-10-27
77.46,2009-10-28
79.87,2009-10-29
77.0,2009-10-30
78.13,2009-11-02
79.6,2009-11-03
80.4,2009-11-04
79.62,2009-11-05
77.43,2009-11-06
79.43,2009-11-09
79.05,2009-11-10
79.28,2009-11-11
76.94,2009-11-12
76.35,2009-11-13
79.53,2009-11-16
79.14,2009-11-17
80.1,2009-11-18
78.05,2009-11-19
77.6,2009-11-20
77.56,2009-11-23
76.02,2009-11-24
76.51,2009-11-25
79.06,2009-11-26
78.5,2009-11-27
77.28,2009-11-30
78.37,2009-12-01
76.6,2009-12-02
78.2,2009-12-03
80.34,2009-12-04
76.69,2009-12-07
75.4,2009-12-08
72.35,2009-12-09
71.98,2009-12-10
71.66,2009-12-11
71.86,2009-12-14
72.27,2009-12-15
74.55,2009-12-16
73.05,2009-12-17
73.88,2009-12-18
73.69,2009-12-21
73.45,2009-12-22
75.17,2009-12-23
76.22,2009-12-24
76.22,2009-12-25
76.22,2009-12-28
77.66,2009-12-29
78.22,2009-12-30
78.0,2009-12-31
80.48,2010-01-04
80.2,2010-01-05
81.96,2010-01-06
81.46,2010-01-07
81.43,2010-01-08
80.5,2010-01-11
78.92,2010-01-12
78.83,2010-01-13
78.11,2010-01-14
77.2,2010-01-15
77.13,2010-01-18
77.76,2010-01-19
76.1,2010-01-20
74.3,2010-01-21
72.38,2010-01-22
73.78,2010-01-25
73.28,2010-01-26
72.34,2010-01-27
72.39,2010-01-28
71.18,2010-01-29
73.27,2010-02-01
75.89,2010-02-02
75.87,2010-02-03
71.63,2010-02-04
70.3,2010-02-05
69.92,2010-02-08
72.0,2010-02-09
72.69,2010-02-10
74.2,2010-02-11
73.06,2010-02-12
78.37,2010-02-22
77.37,2010-02-23
78.5,2010-02-24
76.45,2010-02-25
77.65,2010-02-26
77.07,2010-03-01
78.21,2010-03-02
79.5,2010-03-03
79.0,2010-03-04
80.16,2010-03-05
80.44,2010-03-08
79.8,2010-03-09
80.42,2010-03-10
80.39,2010-03-11
80.04,2010-03-12
78.75,2010-03-15
80.85,2010-03-16
81.85,2010-03-17
81.49,2010-03-18
79.8,2010-03-19
80.73,2010-03-22
80.32,2010-03-23
79.3,2010-03-24
79.6,2010-03-25
79.36,2010-03-26
79.36,2010-03-29
79.36,2010-03-30
79.36,2010-03-31
79.36,2010-04-01
79.36,2010-04-02
79.36,2010-04-06
79.36,2010-04-07
79.36,2010-04-08
84.93,2010-04-09
85.52,2010-04-12
85.36,2010-04-13
86.95,2010-04-14
87.57,2010-04-15
86.03,2010-04-16
84.5,2010-04-19
85.05,2010-04-20
85.69,2010-04-21
85.67,2010-04-22
87.21,2010-04-23
86.62,2010-04-26
85.2,2010-04-27
86.3,2010-04-28
87.15,2010-04-29
87.47,2010-04-30
85.2,2010-05-04
82.34,2010-05-05
79.83,2010-05-06
78.58,2010-05-07
80.65,2010-05-10
80.38,2010-05-11
82.38,2010-05-12
81.06,2010-05-13
78.5,2010-05-14
75.65,2010-05-17
74.32,2010-05-18
73.66,2010-05-19
70.83,2010-05-20
72.06,2010-05-21
71.0,2010-05-24
68.7,2010-05-25
71.13,2010-05-26
74.95,2010-05-27
74.2,2010-05-28
74.2,2010-05-31
72.0,2010-06-01
74.63,2010-06-02
75.45,2010-06-03
71.66,2010-06-04
71.69,2010-06-07
72.51,2010-06-08
73.6,2010-06-09
75.31,2010-06-10
74.79,2010-06-11
78.57,2010-06-17
78.39,2010-06-18
78.22,2010-06-21
77.75,2010-06-22
75.92,2010-06-23
76.41,2010-06-24
78.41,2010-06-25
77.65,2010-06-28
75.0,2010-06-29
74.62,2010-06-30
71.98,2010-07-01
71.92,2010-07-02
71.5,2010-07-05
71.6,2010-07-06
74.1,2010-07-07
75.25,2010-07-08
75.16,2010-07-09
74.45,2010-07-12
76.81,2010-07-13
76.39,2010-07-14
75.92,2010-07-15
75.35,2010-07-16
75.5,2010-07-19
76.25,2010-07-20
75.45,2010-07-21
77.7,2010-07-22
77.34,2010-07-23
77.35,2010-07-26
75.6,2010-07-27
76.0,2010-07-28
77.35,2010-07-29
78.26,2010-07-30
81.05,2010-08-02
82.7,2010-08-03
82.1,2010-08-04
81.73,2010-08-05
80.36,2010-08-06
81.14,2010-08-09
79.61,2010-08-10
77.12,2010-08-11
75.4,2010-08-12
75.63,2010-08-13
75.49,2010-08-16
76.65,2010-08-17
76.18,2010-08-18
75.35,2010-08-19
74.33,2010-08-20
73.44,2010-08-23
72.15,2010-08-24
73.83,2010-08-25
74.72,2010-08-26
76.93,2010-08-27
76.93,2010-08-30
76.58,2010-08-31
76.26,2010-09-01
76.82,2010-09-02
76.62,2010-09-03
76.81,2010-09-06
77.37,2010-09-07
78.17,2010-09-08
77.35,2010-09-09
78.14,2010-09-10
79.16,2010-09-13
79.01,2010-09-14
79.16,2010-09-15
78.46,2010-09-16
77.97,2010-09-17
79.36,2010-09-20
78.1,2010-09-21
78.14,2010-09-27
78.85,2010-09-28
80.67,2010-09-29
82.11,2010-09-30
84.19,2010-10-08
83.46,2010-10-11
83.77,2010-10-12
84.97,2010-10-13
84.02,2010-10-14
82.63,2010-10-15
84.34,2010-10-18
80.93,2010-10-19
83.65,2010-10-20
82.04,2010-10-21
83.07,2010-10-22
83.38,2010-10-25
83.5,2010-10-26
83.34,2010-10-27
83.55,2010-10-28
83.08,2010-10-29
84.58,2010-11-01
85.65,2010-11-02
86.57,2010-11-03
88.33,2010-11-04
88.71,2010-11-05
88.43,2010-11-08
88.15,2010-11-09
89.21,2010-11-10
89.01,2010-11-11
86.04,2010-11-12
86.54,2010-11-15
84.75,2010-11-16
83.16,2010-11-17
85.35,2010-11-18
84.13,2010-11-19
83.73,2010-11-22
83.0,2010-11-23
86.16,2010-11-24
85.91,2010-11-25
85.8,2010-11-26
87.45,2010-11-29
85.45,2010-11-30
88.95,2010-12-01
90.64,2010-12-02
91.68,2010-12-03
90.99,2010-12-06
90.98,2010-12-07
91.27,2010-12-08
91.12,2010-12-09
90.69,2010-12-10
90.99,2010-12-13
91.48,2010-12-14
92.08,2010-12-15
91.81,2010-12-16
91.75,2010-12-17
92.6,2010-12-20
93.49,2010-12-21
93.8,2010-12-22
94.32,2010-12-23
93.46,2010-12-24
93.46,2010-12-27
93.46,2010-12-28
94.03,2010-12-29
92.71,2010-12-30
94.5,2010-12-31
93.35,2011-01-04
95.54,2011-01-05
94.27,2011-01-06
93.56,2011-01-07
95.48,2011-01-10
97.14,2011-01-11
97.53,2011-01-12
97.69,2011-01-13
98.5,2011-01-14
97.59,2011-01-17
97.45,2011-01-18
97.94,2011-01-19
96.32,2011-01-20
97.54,2011-01-21
96.4,2011-01-24
95.28,2011-01-25
98.18,2011-01-26
97.3,2011-01-27
99.27,2011-01-28
100.5,2011-01-31
101.62,2011-02-01
102.53,2011-02-09
102.3,2011-02-10
101.35,2011-02-11
103.02,2011-02-14
101.65,2011-02-15
103.95,2011-02-16
102.89,2011-02-17
102.96,2011-02-18
108.0,2011-02-21
106.55,2011-02-22
112.17,2011-02-23
110.82,2011-02-24
112.3,2011-02-25
112.1,2011-02-28
116.6,2011-03-01
116.36,2011-03-02
114.59,2011-03-03
115.99,2011-03-04
114.7,2011-03-07
112.85,2011-03-08
116.04,2011-03-09
114.82,2011-03-10
113.39,2011-03-11
113.67,2011-03-14
108.01,2011-03-15
110.41,2011-03-16
114.95,2011-03-17
114.32,2011-03-18
114.56,2011-03-21
115.84,2011-03-22
115.17,2011-03-23
115.75,2011-03-24
115.77,2011-03-25
114.55,2011-03-28
114.88,2011-03-29
114.97,2011-03-30
117.0,2011-03-31
118.75,2011-04-01
121.75,2011-04-06
122.15,2011-04-07
126.24,2011-04-08
122.66,2011-04-11
120.7,2011-04-12
122.46,2011-04-13
122.2,2011-04-14
123.73,2011-04-15
121.93,2011-04-18
121.29,2011-04-19
123.9,2011-04-20
124.04,2011-04-21
124.04,2011-04-22
124.04,2011-04-25
123.72,2011-04-26
125.47,2011-04-27
124.81,2011-04-28
124.81,2011-04-29
122.15,2011-05-03
120.64,2011-05-04
110.76,2011-05-05
109.24,2011-05-06
115.28,2011-05-09
117.32,2011-05-10
112.37,2011-05-11
110.01,2011-05-12
113.26,2011-05-13
110.26,2011-05-16
110.16,2011-05-17
112.01,2011-05-18
111.4,2011-05-19
112.42,2011-05-20
109.9,2011-05-23
112.26,2011-05-24
115.0,2011-05-25
114.59,2011-05-26
115.0,2011-05-27
115.0,2011-05-30
116.68,2011-05-31
114.03,2011-06-01
115.88,2011-06-02
116.05,2011-06-03
114.02,2011-06-07
117.62,2011-06-08
119.49,2011-06-09
118.59,2011-06-10
118.59,2011-06-13
119.32,2011-06-14
113.64,2011-06-15
114.09,2011-06-16
113.2,2011-06-17
111.58,2011-06-20
110.7,2011-06-21
113.25,2011-06-22
108.61,2011-06-23
105.67,2011-06-24
106.42,2011-06-27
108.88,2011-06-28
112.6,2011-06-29
111.8,2011-06-30
111.33,2011-07-01
111.19,2011-07-04
113.29,2011-07-05
113.81,2011-07-06
116.13,2011-07-07
117.02,2011-07-08
116.37,2011-07-11
116.07,2011-07-12
117.7,2011-07-13
116.59,2011-07-14
117.66,2011-07-15
116.89,2011-07-18
117.37,2011-07-19
118.06,2011-07-20
118.05,2011-07-21
118.56,2011-07-22
117.74,2011-07-25
118.04,2011-07-26
117.32,2011-07-27
117.21,2011-07-28
116.35,2011-07-29
116.74,2011-08-01
115.94,2011-08-02
113.44,2011-08-03
107.93,2011-08-04
109.85,2011-08-05
103.44,2011-08-08
104.85,2011-08-09
104.98,2011-08-10
105.57,2011-08-11
107.52,2011-08-12
109.52,2011-08-15
109.56,2011-08-16
110.57,2011-08-17
106.69,2011-08-18
109.22,2011-08-19
108.5,2011-08-22
109.78,2011-08-23
110.0,2011-08-24
110.48,2011-08-25
111.25,2011-08-26
111.25,2011-08-29
114.0,2011-08-30
114.6,2011-08-31
114.2,2011-09-01
112.52,2011-09-02
111.13,2011-09-05
111.92,2011-09-06
115.22,2011-09-07
114.98,2011-09-08
112.13,2011-09-09
109.77,2011-09-13
109.65,2011-09-14
112.3,2011-09-15
112.22,2011-09-16
108.11,2011-09-19
108.11,2011-09-20
108.11,2011-09-21
105.19,2011-09-22
102.51,2011-09-23
103.42,2011-09-26
105.65,2011-09-27
104.33,2011-09-28
103.2,2011-09-29
100.56,2011-09-30
107.02,2011-10-10
107.76,2011-10-11
108.64,2011-10-12
109.2,2011-10-13
112.62,2011-10-14
110.09,2011-10-17
111.13,2011-10-18
108.3,2011-10-19
109.66,2011-10-20
109.78,2011-10-21
111.3,2011-10-24
111.02,2011-10-25
109.5,2011-10-26
112.35,2011-10-27
110.16,2011-10-28
109.19,2011-10-31
109.54,2011-11-01
109.73,2011-11-02
109.73,2011-11-03
111.14,2011-11-04
113.33,2011-11-07
113.93,2011-11-08
111.35,2011-11-09
111.87,2011-11-10
112.96,2011-11-11
111.2,2011-11-14
112.36,2011-11-15
110.99,2011-11-16
107.82,2011-11-17
107.63,2011-11-18
106.9,2011-11-21
108.73,2011-11-22
107.0,2011-11-23
107.64,2011-11-24
106.64,2011-11-25
108.54,2011-11-28
110.4,2011-11-29
110.39,2011-11-30
109.1,2011-12-01
109.8,2011-12-02
109.08,2011-12-05
110.32,2011-12-06
109.33,2011-12-07
107.33,2011-12-08
108.88,2011-12-09
107.03,2011-12-12
109.14,2011-12-13
103.97,2011-12-14
103.27,2011-12-15
103.66,2011-12-16
103.85,2011-12-19
103.85,2011-12-20
99.31,2011-12-21
107.73,2011-12-22
107.35,2011-12-23
107.35,2011-12-26
107.35,2011-12-27
106.76,2011-12-28
107.53,2011-12-29
106.62,2011-12-30
113.33,2012-01-04
112.36,2012-01-05
113.22,2012-01-06
112.32,2012-01-09
112.96,2012-01-10
112.06,2012-01-11
111.05,2012-01-12
110.35,2012-01-13
111.34,2012-01-16
111.53,2012-01-17
110.66,2012-01-18
111.55,2012-01-19
110.14,2012-01-20
110.93,2012-01-30
111.1,2012-01-31
111.56,2012-02-01
112.07,2012-02-02
113.29,2012-02-03
115.63,2012-02-06
115.8,2012-02-07
116.63,2012-02-08
118.04,2012-02-09
116.75,2012-02-10
117.39,2012-02-13
117.35,2012-02-14
118.93,2012-02-15
120.11,2012-02-16
119.58,2012-02-17
120.05,2012-02-20
121.66,2012-02-21
122.9,2012-02-22
123.62,2012-02-23
125.47,2012-02-24
124.17,2012-02-27
121.55,2012-02-28
122.66,2012-02-29
126.2,2012-03-01
123.65,2012-03-02
123.8,2012-03-05
121.98,2012-03-06
123.55,2012-03-07
124.96,2012-03-08
125.35,2012-03-09
124.76,2012-03-12
125.67,2012-03-13
124.58,2012-03-14
122.6,2012-03-15
124.25,2012-03-16
125.47,2012-03-19
124.12,2012-03-20
124.2,2012-03-21
123.14,2012-03-22
125.65,2012-03-23
125.75,2012-03-26
125.65,2012-03-27
124.16,2012-03-28
122.39,2012-03-29
122.88,2012-03-30
122.21,2012-04-05
122.21,2012-04-06
122.21,2012-04-09
120.53,2012-04-10
119.6,2012-04-11
120.45,2012-04-12
121.1,2012-04-13
119.19,2012-04-16
118.67,2012-04-17
117.59,2012-04-18
118.5,2012-04-19
118.93,2012-04-20
117.9,2012-04-23
118.39,2012-04-24
118.37,2012-04-25
119.65,2012-04-26
119.52,2012-04-27
118.68,2012-05-02
116.99,2012-05-03
113.61,2012-05-04
113.61,2012-05-07
111.62,2012-05-08
111.88,2012-05-09
112.52,2012-05-10
111.72,2012-05-11
110.35,2012-05-14
111.28,2012-05-15
110.37,2012-05-16
108.67,2012-05-17
107.19,2012-05-18
108.19,2012-05-21
108.7,2012-05-22
106.53,2012-05-23
106.23,2012-05-24
106.9,2012-05-25
107.55,2012-05-28
107.1,2012-05-29
104.3,2012-05-30
102.6,2012-05-31
99.13,2012-06-01
99.13,2012-06-04
99.13,2012-06-05
100.43,2012-06-06
100.25,2012-06-07
97.67,2012-06-08
99.13,2012-06-11
97.13,2012-06-12
97.2,2012-06-13
96.69,2012-06-14
97.61,2012-06-15
96.55,2012-06-18
95.93,2012-06-19
94.32,2012-06-20
91.09,2012-06-21
90.3,2012-06-25
91.85,2012-06-26
93.07,2012-06-27
92.44,2012-06-28
95.23,2012-06-29
96.22,2012-07-02
99.71,2012-07-03
99.57,2012-07-04
100.62,2012-07-05
98.41,2012-07-06
98.78,2012-07-09
98.36,2012-07-10
98.89,2012-07-11
99.01,2012-07-12
101.27,2012-07-13
102.31,2012-07-16
103.81,2012-07-17
104.57,2012-07-18
107.06,2012-07-19
106.57,2012-07-20
103.63,2012-07-23
103.43,2012-07-24
103.28,2012-07-25
104.99,2012-07-26
104.93,2012-07-27
105.03,2012-07-30
104.34,2012-07-31
104.61,2012-08-01
104.7,2012-08-02
106.34,2012-08-03
107.4,2012-08-06
109.51,2012-08-07
110.58,2012-08-08
111.1,2012-08-09
110.7,2012-08-10
112.02,2012-08-13
111.95,2012-08-14
113.23,2012-08-15
114.49,2012-08-16
113.75,2012-08-17
113.85,2012-08-20
114.85,2012-08-21
114.42,2012-08-22
115.71,2012-08-23
114.5,2012-08-24
114.5,2012-08-27
112.44,2012-08-28
112.35,2012-08-29
112.88,2012-08-30
113.79,2012-08-31
114.42,2012-09-03
114.77,2012-09-04
113.16,2012-09-05
113.77,2012-09-06
113.26,2012-09-07
114.12,2012-09-10
114.43,2012-09-11
115.26,2012-09-12
115.73,2012-09-13
117.09,2012-09-14
114.75,2012-09-17
113.12,2012-09-18
109.66,2012-09-19
108.02,2012-09-20
110.95,2012-09-21
109.02,2012-09-24
109.94,2012-09-25
108.52,2012-09-26
110.61,2012-09-27
111.51,2012-09-28
110.72,2012-10-08
112.43,2012-10-09
113.51,2012-10-10
114.34,2012-10-11
113.72,2012-10-12
113.48,2012-10-15
114.12,2012-10-16
113.43,2012-10-17
112.46,2012-10-18
111.7,2012-10-19
110.09,2012-10-22
108.26,2012-10-23
108.05,2012-10-24
108.41,2012-10-25
108.76,2012-10-26
109.39,2012-10-29
109.24,2012-10-30
109.2,2012-10-31
108.32,2012-11-01
106.3,2012-11-02
105.25,2012-11-05
108.23,2012-11-06
108.04,2012-11-07
106.37,2012-11-08
107.01,2012-11-09
108.39,2012-11-12
107.23,2012-11-13
108.2,2012-11-14
108.53,2012-11-15
108.49,2012-11-16
111.0,2012-11-19
110.55,2012-11-20
110.62,2012-11-21
110.55,2012-11-22
110.93,2012-11-23
110.83,2012-11-26
110.33,2012-11-27
109.11,2012-11-28
110.64,2012-11-29
110.84,2012-11-30
111.37,2012-12-03
109.89,2012-12-04
108.63,2012-12-05
106.83,2012-12-06
106.33,2012-12-07
106.79,2012-12-10
106.61,2012-12-11
107.97,2012-12-12
107.29,2012-12-13
107.6,2012-12-14
108.02,2012-12-17
108.51,2012-12-18
109.78,2012-12-19
110.11,2012-12-20
109.21,2012-12-21
108.53,2012-12-24
108.53,2012-12-25
110.49,2012-12-26
110.72,2012-12-27
110.56,2012-12-28
111.27,2012-12-31
111.4,2013-01-04
110.59,2013-01-07
110.83,2013-01-08
110.8,2013-01-09
110.99,2013-01-10
109.84,2013-01-11
111.14,2013-01-14
109.62,2013-01-15
109.91,2013-01-16
110.92,2013-01-17
111.67,2013-01-18
111.8,2013-01-21
112.46,2013-01-22
112.79,2013-01-23
113.36,2013-01-24
113.4,2013-01-25
113.4,2013-01-28
114.2,2013-01-29
114.95,2013-01-30
115.6,2013-01-31
116.63,2013-02-01
115.49,2013-02-04
115.59,2013-02-05
115.97,2013-02-06
116.7,2013-02-07
117.81,2013-02-08
117.4,2013-02-18
117.2,2013-02-19
115.1,2013-02-20
113.65,2013-02-21
114.3,2013-02-22
113.34,2013-02-25
112.99,2013-02-26
112.0,2013-02-27
111.0,2013-02-28
110.51,2013-03-01
110.04,2013-03-04
110.94,2013-03-05
109.98,2013-03-06
110.07,2013-03-07
110.25,2013-03-08
109.48,2013-03-11
109.13,2013-03-12
108.18,2013-03-13
109.34,2013-03-14
110.05,2013-03-15
109.4,2013-03-18
107.46,2013-03-19
108.58,2013-03-20
107.2,2013-03-21
107.5,2013-03-22
108.18,2013-03-25
109.4,2013-03-26
109.84,2013-03-27
109.77,2013-03-28
109.77,2013-03-29
109.77,2013-04-01
110.53,2013-04-02
106.89,2013-04-03
104.9,2013-04-08
106.15,2013-04-09
105.65,2013-04-10
104.41,2013-04-11
102.85,2013-04-12
99.31,2013-04-15
100.1,2013-04-16
97.37,2013-04-17
99.6,2013-04-18
99.53,2013-04-19
100.37,2013-04-22
100.31,2013-04-23
101.82,2013-04-24
103.11,2013-04-25
102.85,2013-04-26
102.7,2013-05-02
103.71,2013-05-03
103.71,2013-05-06
103.75,2013-05-07
104.02,2013-05-08
104.1,2013-05-09
103.38,2013-05-10
102.64,2013-05-13
102.53,2013-05-14
103.65,2013-05-15
103.84,2013-05-16
104.72,2013-05-17
104.79,2013-05-20
103.63,2013-05-21
102.47,2013-05-22
102.66,2013-05-23
102.78,2013-05-24
102.78,2013-05-27
104.35,2013-05-28
102.18,2013-05-29
102.24,2013-05-30
100.15,2013-05-31
102.17,2013-06-03
103.18,2013-06-04
102.63,2013-06-05
103.19,2013-06-06
104.55,2013-06-07
104.95,2013-06-13
105.84,2013-06-14
105.62,2013-06-17
106.1,2013-06-18
105.87,2013-06-19
102.06,2013-06-20
101.09,2013-06-21
101.07,2013-06-24
101.21,2013-06-25
101.8,2013-06-26
102.65,2013-06-27
101.99,2013-06-28
102.93,2013-07-01
103.41,2013-07-02
105.21,2013-07-03
104.84,2013-07-04
107.06,2013-07-05
106.49,2013-07-08
107.35,2013-07-09
107.34,2013-07-10
106.64,2013-07-11
108.2,2013-07-12
108.08,2013-07-15
107.93,2013-07-16
108.74,2013-07-17
108.83,2013-07-18
108.3,2013-07-19
108.16,2013-07-22
108.41,2013-07-23
107.05,2013-07-24
107.65,2013-07-25
107.19,2013-07-26
107.33,2013-07-29
107.01,2013-07-30
107.82,2013-07-31
109.4,2013-08-01
108.07,2013-08-02
107.71,2013-08-05
107.19,2013-08-06
105.92,2013-08-07
105.5,2013-08-08
106.87,2013-08-09
107.86,2013-08-12
108.1,2013-08-13
108.96,2013-08-14
109.32,2013-08-15
110.42,2013-08-16
109.59,2013-08-19
110.15,2013-08-20
109.73,2013-08-21
110.0,2013-08-22
111.05,2013-08-23
110.93,2013-08-26
115.29,2013-08-27
116.33,2013-08-28
114.44,2013-08-29
114.45,2013-08-30
112.44,2013-09-02
113.7,2013-09-03
113.23,2013-09-04
113.7,2013-09-05
114.1,2013-09-06
111.77,2013-09-09
109.96,2013-09-10
110.29,2013-09-11
111.89,2013-09-12
111.79,2013-09-13
109.82,2013-09-16
107.75,2013-09-17
110.74,2013-09-18
107.16,2013-09-23
107.92,2013-09-24
107.06,2013-09-25
108.09,2013-09-26
107.35,2013-09-27
107.27,2013-09-30
109.42,2013-10-08
108.25,2013-10-09
110.87,2013-10-10
110.29,2013-10-11
110.18,2013-10-14
109.0,2013-10-15
110.49,2013-10-16
109.0,2013-10-17
109.94,2013-10-18
109.77,2013-10-21
110.06,2013-10-22
107.65,2013-10-23
106.99,2013-10-24
107.06,2013-10-25
109.42,2013-10-28
108.81,2013-10-29
109.77,2013-10-30
108.9,2013-10-31
105.91,2013-11-01
105.94,2013-11-04
105.65,2013-11-05
104.99,2013-11-06
103.46,2013-11-07
105.04,2013-11-08
106.18,2013-11-11
105.82,2013-11-12
106.89,2013-11-13
108.28,2013-11-14
108.5,2013-11-15
108.47,2013-11-18
107.07,2013-11-19
107.92,2013-11-20
110.15,2013-11-21
110.49,2013-11-22
111.05,2013-11-25
111.04,2013-11-26
111.59,2013-11-27
110.95,2013-11-28
110.11,2013-11-29
111.42,2013-12-02
112.88,2013-12-03
111.17,2013-12-04
110.71,2013-12-05
111.36,2013-12-06
108.93,2013-12-09
109.25,2013-12-10
109.32,2013-12-11
108.34,2013-12-12
108.3,2013-12-13
109.04,2013-12-16
108.21,2013-12-17
109.28,2013-12-18
110.06,2013-12-19
111.84,2013-12-20
111.57,2013-12-23
112.0,2013-12-24
112.0,2013-12-25
112.0,2013-12-26
112.11,2013-12-27
111.2,2013-12-30
110.9,2013-12-31
107.82,2014-01-02
107.03,2014-01-03
107.0,2014-01-06
107.01,2014-01-07
106.83,2014-01-08
106.0,2014-01-09
106.83,2014-01-10
105.59,2014-01-13
105.25,2014-01-14
105.97,2014-01-15
105.48,2014-01-16
106.32,2014-01-17
106.33,2014-01-20
106.8,2014-01-21
108.08,2014-01-22
107.58,2014-01-23
107.89,2014-01-24
106.29,2014-01-27
106.89,2014-01-28
107.11,2014-01-29
107.07,2014-01-30
108.83,2014-02-07
107.78,2014-02-10
108.2,2014-02-11
108.27,2014-02-12
108.58,2014-02-13
109.07,2014-02-14
109.1,2014-02-17
110.63,2014-02-18
110.42,2014-02-19
110.49,2014-02-20
109.84,2014-02-21
110.71,2014-02-24
109.59,2014-02-25
109.51,2014-02-26
108.77,2014-02-27
108.65,2014-02-28
110.78,2014-03-03
108.73,2014-03-04
107.28,2014-03-05
107.8,2014-03-06
108.23,2014-03-07
107.38,2014-03-10
107.77,2014-03-11
107.6,2014-03-12
106.99,2014-03-13
108.5,2014-03-14
106.4,2014-03-17
106.65,2014-03-18
105.84,2014-03-19
106.23,2014-03-20
106.94,2014-03-21
106.36,2014-03-24
106.75,2014-03-25
106.9,2014-03-26
107.55,2014-03-27
107.86,2014-03-28
107.65,2014-03-31
105.31,2014-04-01
104.7,2014-04-02
106.14,2014-04-03
106.57,2014-04-04
107.48,2014-04-08
107.9,2014-04-09
107.39,2014-04-10
107.15,2014-04-11
108.96,2014-04-14
109.18,2014-04-15
109.71,2014-04-16
109.76,2014-04-17
109.76,2014-04-18
109.76,2014-04-21
109.37,2014-04-22
109.14,2014-04-23
110.39,2014-04-24
109.39,2014-04-25
108.12,2014-04-28
108.91,2014-04-29
108.14,2014-04-30
108.33,2014-05-05
106.54,2014-05-06
107.53,2014-05-07
107.49,2014-05-08
107.36,2014-05-09
107.77,2014-05-12
108.65,2014-05-13
109.2,2014-05-14
109.02,2014-05-15
109.68,2014-05-16
109.36,2014-05-19
109.84,2014-05-20
110.54,2014-05-21
110.39,2014-05-22
110.44,2014-05-23
110.44,2014-05-26
110.19,2014-05-27
110.06,2014-05-28
110.07,2014-05-29
109.49,2014-05-30
108.18,2014-06-03
107.43,2014-06-04
108.19,2014-06-05
108.01,2014-06-06
109.1,2014-06-09
108.29,2014-06-10
108.84,2014-06-11
111.9,2014-06-12
111.52,2014-06-13
112.83,2014-06-16
113.31,2014-06-17
114.14,2014-06-18
114.92,2014-06-19
114.68,2014-06-20
113.97,2014-06-23
114.13,2014-06-24
113.71,2014-06-25
112.56,2014-06-26
112.77,2014-06-27
111.95,2014-06-30
111.85,2014-07-01
111.0,2014-07-02
110.89,2014-07-03
110.49,2014-07-04
109.85,2014-07-07
109.01,2014-07-08
108.32,2014-07-09
108.85,2014-07-10
107.25,2014-07-11
107.6,2014-07-14
106.75,2014-07-15
107.08,2014-07-16
108.45,2014-07-17
107.14,2014-07-18
107.68,2014-07-21
106.89,2014-07-22
108.18,2014-07-23
107.13,2014-07-24
108.13,2014-07-25
107.5,2014-07-28
107.5,2014-07-29
106.03,2014-07-30
105.52,2014-07-31
104.69,2014-08-01
106.19,2014-08-04
105.59,2014-08-05
105.27,2014-08-06
106.37,2014-08-07
105.31,2014-08-08
105.09,2014-08-11
103.8,2014-08-12
104.68,2014-08-13
102.08,2014-08-14
103.4,2014-08-15
101.79,2014-08-18
101.6,2014-08-19
102.29,2014-08-20
102.69,2014-08-21
102.1,2014-08-22
102.1,2014-08-25
102.58,2014-08-26
102.6,2014-08-27
102.47,2014-08-28
103.04,2014-08-29
103.1,2014-09-01
101.27,2014-09-02
102.91,2014-09-03
102.3,2014-09-04
101.53,2014-09-05
100.0,2014-09-09
98.75,2014-09-10
98.95,2014-09-11
97.8,2014-09-12
98.0,2014-09-15
99.0,2014-09-16
98.72,2014-09-17
98.34,2014-09-18
99.0,2014-09-19
97.61,2014-09-22
97.67,2014-09-23
97.75,2014-09-24
97.68,2014-09-25
97.45,2014-09-26
97.68,2014-09-29
95.35,2014-09-30
92.14,2014-10-08
89.23,2014-10-09
90.27,2014-10-10
88.61,2014-10-13
86.05,2014-10-14
83.75,2014-10-15
86.76,2014-10-16
86.1,2014-10-17
85.34,2014-10-20
86.43,2014-10-21
84.68,2014-10-22
86.7,2014-10-23
86.25,2014-10-24
85.43,2014-10-27
86.23,2014-10-28
86.76,2014-10-29
86.1,2014-10-30
85.96,2014-10-31
84.71,2014-11-03
83.3,2014-11-04
83.89,2014-11-05
83.31,2014-11-06
83.6,2014-11-07
82.5,2014-11-10
82.0,2014-11-11
80.67,2014-11-12
77.73,2014-11-13
79.6,2014-11-14
79.08,2014-11-17
78.41,2014-11-18
78.05,2014-11-19
79.79,2014-11-20
80.36,2014-11-21
79.4,2014-11-24
78.17,2014-11-25
77.53,2014-11-26
72.82,2014-11-27
70.02,2014-11-28
72.79,2014-12-01
71.09,2014-12-02
70.03,2014-12-03
69.43,2014-12-04
69.05,2014-12-05
66.52,2014-12-08
66.79,2014-12-09
64.56,2014-12-10
63.55,2014-12-11
61.92,2014-12-12
60.52,2014-12-15
59.8,2014-12-16
60.64,2014-12-17
59.81,2014-12-18
62.15,2014-12-19
60.13,2014-12-22
61.55,2014-12-23
60.15,2014-12-24
60.15,2014-12-25
60.15,2014-12-26
57.98,2014-12-29
57.98,2014-12-30
58.46,2014-12-31
54.15,2015-01-05
52.0,2015-01-06
52.09,2015-01-07
52.12,2015-01-08
51.28,2015-01-09
48.46,2015-01-12
48.0,2015-01-13
49.73,2015-01-14
48.36,2015-01-15
49.9,2015-01-16
48.85,2015-01-19
48.17,2015-01-20
48.75,2015-01-21
49.0,2015-01-22
48.55,2015-01-23
48.11,2015-01-26
49.26,2015-01-27
48.65,2015-01-28
49.05,2015-01-29
52.95,2015-01-30
54.85,2015-02-02
57.0,2015-02-03
55.47,2015-02-04
57.87,2015-02-05
59.09,2015-02-06
58.83,2015-02-09
57.97,2015-02-10
56.3,2015-02-11
59.24,2015-02-12
61.41,2015-02-13
61.6,2015-02-16
62.29,2015-02-17
62.56,2015-02-25
61.17,2015-02-26
63.09,2015-02-27
60.67,2015-03-02
61.75,2015-03-03
61.06,2015-03-04
61.13,2015-03-05
60.26,2015-03-06
59.11,2015-03-09
56.91,2015-03-10
58.22,2015-03-11
57.18,2015-03-12
54.89,2015-03-13
54.15,2015-03-16
53.3,2015-03-17
56.27,2015-03-18
54.46,2015-03-19
55.22,2015-03-20
55.89,2015-03-23
55.31,2015-03-24
56.38,2015-03-25
58.86,2015-03-26
56.12,2015-03-27
57.45,2015-03-30
56.15,2015-03-31
57.73,2015-04-01
56.23,2015-04-02
56.23,2015-04-03
59.66,2015-04-07
57.29,2015-04-08
57.92,2015-04-09
59.1,2015-04-10
59.06,2015-04-13
60.17,2015-04-14
62.71,2015-04-15
63.94,2015-04-16
63.72,2015-04-17
63.48,2015-04-20
61.78,2015-04-21
62.85,2015-04-22
64.75,2015-04-23
65.49,2015-04-24
64.65,2015-04-27
64.57,2015-04-28
65.6,2015-04-29
66.8,2015-04-30
66.51,2015-05-04
67.57,2015-05-05
68.15,2015-05-06
66.32,2015-05-07
66.4,2015-05-08
65.51,2015-05-11
67.82,2015-05-12
67.04,2015-05-13
66.65,2015-05-14
66.86,2015-05-15
66.3,2015-05-18
64.45,2015-05-19
64.96,2015-05-20
66.48,2015-05-21
65.57,2015-05-22
65.57,2015-05-25
63.89,2015-05-26
62.25,2015-05-27
62.85,2015-05-28
65.45,2015-05-29
65.5,2015-06-01
66.1,2015-06-02
64.46,2015-06-03
62.81,2015-06-04
63.92,2015-06-05
63.19,2015-06-08
65.72,2015-06-09
66.09,2015-06-10
65.47,2015-06-11
65.29,2015-06-12
64.68,2015-06-15
64.45,2015-06-16
64.48,2015-06-17
64.98,2015-06-18
63.5,2015-06-19
65.23,2015-06-23
64.18,2015-06-24
63.93,2015-06-25
63.66,2015-06-26
62.55,2015-06-29
63.68,2015-06-30
62.5,2015-07-01
62.29,2015-07-02
61.09,2015-07-03
57.14,2015-07-06
58.0,2015-07-07
57.63,2015-07-08
58.79,2015-07-09
58.89,2015-07-10
58.14,2015-07-13
58.94,2015-07-14
57.37,2015-07-15
56.95,2015-07-16
57.01,2015-07-17
56.54,2015-07-20
56.98,2015-07-21
56.09,2015-07-22
55.41,2015-07-23
54.56,2015-07-24
52.96,2015-07-27
52.98,2015-07-28
53.55,2015-07-29
53.38,2015-07-30
51.85,2015-07-31
49.59,2015-08-03
50.28,2015-08-04
49.72,2015-08-05
50.15,2015-08-06
49.21,2015-08-07
50.69,2015-08-10
49.87,2015-08-11
50.21,2015-08-12
49.65,2015-08-13
48.77,2015-08-14
48.57,2015-08-17
48.65,2015-08-18
46.88,2015-08-19
46.25,2015-08-20
45.43,2015-08-21
42.45,2015-08-24
43.5,2015-08-25
43.64,2015-08-26
47.4,2015-08-27
49.93,2015-08-28
54.51,2015-08-31
50.21,2015-09-01
52.17,2015-09-02
49.42,2015-09-07
51.04,2015-09-08
49.23,2015-09-09
50.55,2015-09-10
49.91,2015-09-11
48.38,2015-09-14
48.95,2015-09-15
50.75,2015-09-16
50.12,2015-09-17
48.58,2015-09-18
49.4,2015-09-21
49.96,2015-09-22
48.48,2015-09-23
49.01,2015-09-24
49.15,2015-09-25
48.09,2015-09-28
48.59,2015-09-29
49.13,2015-09-30
53.55,2015-10-08
52.75,2015-10-09
50.63,2015-10-12
49.66,2015-10-13
49.58,2015-10-14
50.33,2015-10-15
50.5,2015-10-16
48.91,2015-10-19
48.52,2015-10-20
47.89,2015-10-21
48.22,2015-10-22
48.08,2015-10-23
47.46,2015-10-26
47.03,2015-10-27
49.12,2015-10-28
48.61,2015-10-29
49.5,2015-10-30
48.77,2015-11-02
50.25,2015-11-03
48.92,2015-11-04
48.12,2015-11-05
48.39,2015-11-06
47.98,2015-11-09
47.71,2015-11-10
46.59,2015-11-11
45.2,2015-11-12
44.6,2015-11-13
44.86,2015-11-16
43.99,2015-11-17
44.27,2015-11-18
44.26,2015-11-19
44.48,2015-11-20
45.11,2015-11-23
45.91,2015-11-24
46.28,2015-11-25
45.62,2015-11-26
44.87,2015-11-27
44.5,2015-11-30
44.28,2015-12-01
42.68,2015-12-02
44.68,2015-12-03
43.73,2015-12-04
41.1,2015-12-07
40.78,2015-12-08
40.55,2015-12-09
39.97,2015-12-10
38.27,2015-12-11
37.99,2015-12-14
39.03,2015-12-15
38.2,2015-12-16
37.49,2015-12-17
37.1,2015-12-18
36.64,2015-12-21
36.86,2015-12-22
38.3,2015-12-23
38.39,2015-12-24
38.39,2015-12-25
38.39,2015-12-28
37.83,2015-12-29
37.07,2015-12-30
37.99,2015-12-31
37.72,2016-01-04
37.03,2016-01-05
34.75,2016-01-06
34.1,2016-01-07
33.65,2016-01-08
31.6,2016-01-11
30.83,2016-01-12
30.24,2016-01-13
31.1,2016-01-14
29.11,2016-01-15
28.74,2016-01-18
28.73,2016-01-19
27.79,2016-01-20
30.26,2016-01-21
32.77,2016-01-22
30.89,2016-01-25
31.89,2016-01-26
33.82,2016-01-27
35.4,2016-01-28
35.87,2016-01-29
34.13,2016-02-01
32.57,2016-02-02
35.47,2016-02-03
34.39,2016-02-04
34.13,2016-02-05
34.6,2016-02-15
32.96,2016-02-16
35.49,2016-02-17
34.61,2016-02-18
33.81,2016-02-19
35.28,2016-02-22
33.61,2016-02-23
35.07,2016-02-24
35.48,2016-02-25
35.44,2016-02-26
36.64,2016-02-29
36.6,2016-03-01
37.06,2016-03-02
37.06,2016-03-03
38.94,2016-03-04
40.83,2016-03-07
39.41,2016-03-08
40.84,2016-03-09
40.16,2016-03-10
40.38,2016-03-11
39.73,2016-03-14
39.63,2016-03-15
40.87,2016-03-16
42.07,2016-03-17
42.09,2016-03-18
42.09,2016-03-21
42.28,2016-03-22
41.17,2016-03-23
41.05,2016-03-24
41.05,2016-03-25
41.05,2016-03-28
40.03,2016-03-29
39.94,2016-03-30
40.14,2016-03-31
38.75,2016-04-01
38.33,2016-04-05
39.75,2016-04-06
39.66,2016-04-07
41.89,2016-04-08
42.8,2016-04-11
44.28,2016-04-12
43.9,2016-04-13
43.78,2016-04-14
42.84,2016-04-15
42.97,2016-04-18
43.6,2016-04-19
45.4,2016-04-20
44.54,2016-04-21
45.09,2016-04-22
44.55,2016-04-25
46.26,2016-04-26
47.0,2016-04-27
47.68,2016-04-28
47.32,2016-04-29
45.23,2016-05-03
44.92,2016-05-04
45.22,2016-05-05
45.28,2016-05-06
43.45,2016-05-09
45.44,2016-05-10
47.4,2016-05-11
47.91,2016-05-12
47.85,2016-05-13
49.13,2016-05-16
49.36,2016-05-17
48.54,2016-05-18
50.64,2016-05-19
49.29,2016-05-20
48.95,2016-05-23
49.63,2016-05-24
50.25,2016-05-25
49.91,2016-05-26
50.03,2016-05-27
50.28,2016-05-30
49.52,2016-05-31
49.74,2016-06-01
49.95,2016-06-02
49.84,2016-06-03
50.48,2016-06-06
51.49,2016-06-07
52.7,2016-06-08
50.0,2016-06-13
49.25,2016-06-14
50.24,2016-06-15
47.57,2016-06-16
49.84,2016-06-17
51.01,2016-06-20
51.59,2016-06-21
50.53,2016-06-22
51.82,2016-06-23
49.04,2016-06-24
48.11,2016-06-27
49.39,2016-06-28
50.96,2016-06-29
49.74,2016-06-30
50.55,2016-07-01
50.04,2016-07-04
48.18,2016-07-05
49.25,2016-07-06
46.45,2016-07-07
46.44,2016-07-08
46.07,2016-07-11
48.19,2016-07-12
46.56,2016-07-13
47.28,2016-07-14
49.56,2016-07-15
48.48,2016-07-18
48.19,2016-07-19
48.54,2016-07-20
47.52,2016-07-21
47.06,2016-07-22
46.05,2016-07-25
44.95,2016-07-26
43.82,2016-07-27
43.16,2016-07-28
43.21,2016-07-29
42.22,2016-08-01
41.97,2016-08-02
43.44,2016-08-03
44.22,2016-08-04
44.42,2016-08-05
45.17,2016-08-08
44.99,2016-08-09
43.84,2016-08-10
46.73,2016-08-11
47.91,2016-08-12
48.84,2016-08-15
49.17,2016-08-16
50.04,2016-08-17
51.2,2016-08-18
51.04,2016-08-19
49.46,2016-08-22
49.94,2016-08-23
49.29,2016-08-24
49.93,2016-08-25
49.79,2016-08-26
49.41,2016-08-29
48.68,2016-08-30
46.97,2016-08-31
45.82,2016-09-01
46.68,2016-09-02
47.4,2016-09-05
47.36,2016-09-06
48.55,2016-09-07
49.69,2016-09-08
47.88,2016-09-09
48.66,2016-09-12
47.73,2016-09-13
46.44,2016-09-14
46.38,2016-09-19
46.68,2016-09-20
47.48,2016-09-21
48.06,2016-09-22
46.6,2016-09-23
47.54,2016-09-26
46.75,2016-09-27
49.43,2016-09-28
49.61,2016-09-29
49.99,2016-09-30
52.92,2016-10-10
52.5,2016-10-11
51.66,2016-10-12
51.96,2016-10-13
52.0,2016-10-14
51.68,2016-10-17
52.15,2016-10-18
52.54,2016-10-19
52.3,2016-10-20
52.78,2016-10-21
52.38,2016-10-24
51.29,2016-10-25
51.07,2016-10-26
51.43,2016-10-27
50.57,2016-10-28
48.51,2016-10-31
47.9,2016-11-01
47.08,2016-11-02
46.28,2016-11-03
45.6,2016-11-04
46.33,2016-11-07
45.82,2016-11-08
46.5,2016-11-09
45.68,2016-11-10
44.52,2016-11-11
44.76,2016-11-14
46.91,2016-11-15
46.34,2016-11-16
47.18,2016-11-17
48.01,2016-11-18
50.1,2016-11-21
50.12,2016-11-22
49.93,2016-11-23
49.91,2016-11-24
48.1,2016-11-25
48.99,2016-11-28
47.26,2016-11-29
51.52,2016-11-30
53.7,2016-12-01
54.49,2016-12-02
54.19,2016-12-05
53.89,2016-12-06
53.02,2016-12-07
53.98,2016-12-08
54.36,2016-12-09
55.45,2016-12-12
55.23,2016-12-13
54.47,2016-12-14
54.92,2016-12-15
55.95,2016-12-16
55.7,2016-12-19
56.21,2016-12-20
55.31,2016-12-21
55.63,2016-12-22
55.82,2016-12-23
55.82,2016-12-26
55.82,2016-12-27
56.63,2016-12-28
56.95,2016-12-29
56.75,2016-12-30
56.71,2017-01-03
57.63,2017-01-04
57.98,2017-01-05
58.17,2017-01-06
56.09,2017-01-09
54.79,2017-01-10
56.09,2017-01-11
56.98,2017-01-12
56.38,2017-01-13
56.73,2017-01-16
56.44,2017-01-17
54.93,2017-01-18
55.21,2017-01-19
56.5,2017-01-20
56.11,2017-01-23
56.32,2017-01-24
55.83,2017-01-25
56.87,2017-01-26
57.15,2017-02-03
56.1,2017-02-06
55.33,2017-02-07
55.47,2017-02-08
56.0,2017-02-09
57.06,2017-02-10
55.96,2017-02-13
56.29,2017-02-14
56.1,2017-02-15
56.0,2017-02-16
56.11,2017-02-17
56.35,2017-02-20
56.76,2017-02-21
56.04,2017-02-22
56.82,2017-02-23
56.31,2017-02-24
56.42,2017-02-27
56.51,2017-02-28
56.36,2017-03-01
55.03,2017-03-02
55.9,2017-03-03
56.01,2017-03-06
55.92,2017-03-07
53.11,2017-03-08
52.19,2017-03-09
51.37,2017-03-10
51.35,2017-03-13
50.92,2017-03-14
51.81,2017-03-15
51.74,2017-03-16
52.07,2017-03-17
51.87,2017-03-20
51.07,2017-03-21
50.93,2017-03-22
50.6,2017-03-23
51.14,2017-03-24
50.94,2017-03-27
51.42,2017-03-28
52.55,2017-03-29
53.07,2017-03-30
53.62,2017-03-31
54.01,2017-04-05
54.9,2017-04-06
55.26,2017-04-07
56.0,2017-04-10
56.29,2017-04-11
55.62,2017-04-12
55.64,2017-04-13
55.64,2017-04-14
55.48,2017-04-17
54.82,2017-04-18
53.58,2017-04-19
53.48,2017-04-20
52.51,2017-04-21
52.15,2017-04-24
52.42,2017-04-25
52.07,2017-04-26
52.07,2017-04-27
51.89,2017-04-28
51.13,2017-05-02
50.62,2017-05-03
48.35,2017-05-04
49.47,2017-05-05
49.45,2017-05-08
48.99,2017-05-09
50.28,2017-05-10
50.77,2017-05-11
50.91,2017-05-12
51.8,2017-05-15
51.23,2017-05-16
52.23,2017-05-17
52.65,2017-05-18
53.97,2017-05-19
53.97,2017-05-22
54.41,2017-05-23
54.14,2017-05-24
51.64,2017-05-25
52.58,2017-05-26
50.98,2017-05-31
50.4,2017-06-01
49.95,2017-06-02
49.48,2017-06-05
49.97,2017-06-06
48.2,2017-06-07
47.87,2017-06-08
48.3,2017-06-09
48.27,2017-06-12
48.23,2017-06-13
46.9,2017-06-14
47.07,2017-06-15
47.55,2017-06-16
47.05,2017-06-19
46.08,2017-06-20
44.98,2017-06-21
45.5,2017-06-22
45.8,2017-06-23
46.14,2017-06-26
46.46,2017-06-27
47.68,2017-06-28
47.5,2017-06-29
48.94,2017-06-30
49.6,2017-07-03
49.68,2017-07-04
48.34,2017-07-05
47.99,2017-07-06
46.88,2017-07-07
46.99,2017-07-10
48.1,2017-07-11
47.71,2017-07-12
48.37,2017-07-13
49.09,2017-07-14
48.37,2017-07-17
48.7,2017-07-18
49.57,2017-07-19
49.28,2017-07-20
48.36,2017-07-21
48.9,2017-07-24
50.84,2017-07-25
51.01,2017-07-26
51.63,2017-07-27
52.32,2017-07-28
52.68,2017-07-31
51.47,2017-08-01
52.29,2017-08-02
51.93,2017-08-03
52.46,2017-08-04
52.3,2017-08-07
51.99,2017-08-08
52.82,2017-08-09
51.82,2017-08-10
52.05,2017-08-11
50.62,2017-08-14
50.83,2017-08-15
50.22,2017-08-16
50.6,2017-08-17
52.55,2017-08-18
51.32,2017-08-21
51.37,2017-08-22
52.18,2017-08-23
51.74,2017-08-24
51.91,2017-08-25
51.61,2017-08-28
51.6,2017-08-29
50.67,2017-08-30
52.77,2017-08-31
52.69,2017-09-01
52.2,2017-09-04
53.19,2017-09-05
54.17,2017-09-06
54.5,2017-09-07
53.75,2017-09-08
53.93,2017-09-11
54.28,2017-09-12
54.75,2017-09-13
55.05,2017-09-14
55.33,2017-09-15
55.19,2017-09-18
55.15,2017-09-19
55.82,2017-09-20
56.1,2017-09-21
56.42,2017-09-22
58.52,2017-09-25
58.03,2017-09-26
57.32,2017-09-27
57.27,2017-09-28
56.53,2017-09-29
55.77,2017-10-09
56.55,2017-10-10
56.67,2017-10-11
56.4,2017-10-12
57.2,2017-10-13
57.92,2017-10-16
58.11,2017-10-17
58.2,2017-10-18
57.33,2017-10-19
57.73,2017-10-20
57.23,2017-10-23
58.36,2017-10-24
58.24,2017-10-25
59.22,2017-10-26
60.21,2017-10-27
60.53,2017-10-30
61.18,2017-10-31
60.44,2017-11-01
60.7,2017-11-02
62.09,2017-11-03
64.11,2017-11-06
63.54,2017-11-07
63.49,2017-11-08
63.81,2017-11-09
63.6,2017-11-10
63.13,2017-11-13
61.52,2017-11-14
61.84,2017-11-15
61.29,2017-11-16
62.45,2017-11-17
61.94,2017-11-20
62.5,2017-11-21
62.92,2017-11-22
63.12,2017-11-23
63.34,2017-11-24
63.31,2017-11-27
63.03,2017-11-28
62.62,2017-11-29
62.66,2017-11-30
63.7,2017-12-01
62.47,2017-12-04
62.68,2017-12-05
61.2,2017-12-06
62.1,2017-12-07
63.39,2017-12-08
64.75,2017-12-11
63.86,2017-12-12
62.78,2017-12-13
62.76,2017-12-14
62.69,2017-12-15
62.9,2017-12-18
63.1,2017-12-19
64.05,2017-12-20
64.15,2017-12-21
64.53,2017-12-22
64.53,2017-12-25
66.2,2017-12-26
65.92,2017-12-27
66.2,2017-12-28
66.62,2017-12-29
66.55,2018-01-02
67.98,2018-01-03
68.06,2018-01-04
67.79,2018-01-05
67.92,2018-01-08
69.16,2018-01-09
69.1,2018-01-10
69.11,2018-01-11
69.81,2018-01-12
70.22,2018-01-15
69.32,2018-01-16
69.45,2018-01-17
68.77,2018-01-18
68.27,2018-01-19
68.86,2018-01-22
69.42,2018-01-23
70.26,2018-01-24
69.59,2018-01-25
69.94,2018-01-26
69.16,2018-01-29
68.11,2018-01-30
68.88,2018-01-31
69.78,2018-02-01
68.23,2018-02-02
66.91,2018-02-05
67.22,2018-02-06
65.35,2018-02-07
64.31,2018-02-08
62.71,2018-02-09
62.66,2018-02-12
62.61,2018-02-13
64.35,2018-02-14
65.91,2018-02-22
66.9,2018-02-23
67.35,2018-02-26
66.33,2018-02-27
64.75,2018-02-28
64.2,2018-03-01
64.56,2018-03-02
65.56,2018-03-05
65.53,2018-03-06
64.58,2018-03-07
63.87,2018-03-08
65.49,2018-03-09
64.95,2018-03-12
64.62,2018-03-13
64.75,2018-03-14
64.82,2018-03-15
65.86,2018-03-16
65.86,2018-03-19
67.3,2018-03-20
69.42,2018-03-21
68.3,2018-03-22
69.75,2018-03-23
69.52,2018-03-26
68.89,2018-03-27
69.0,2018-03-28
69.35,2018-03-29
69.35,2018-03-30
67.57,2018-04-02
68.18,2018-04-03
68.28,2018-04-04
68.6,2018-04-09
71.04,2018-04-10
71.95,2018-04-11
72.2,2018-04-12
72.62,2018-04-13
71.57,2018-04-16
71.7,2018-04-17
73.2,2018-04-18
72.93,2018-04-19
73.02,2018-04-20
74.32,2018-04-23
73.07,2018-04-24
73.28,2018-04-25
73.9,2018-04-26
73.7,2018-04-27
73.07,2018-05-02
73.68,2018-05-03
75.0,2018-05-04
75.56,2018-05-07
75.95,2018-05-08
77.38,2018-05-09
77.53,2018-05-10
77.18,2018-05-11
78.52,2018-05-14
78.13,2018-05-15
79.27,2018-05-16
79.49,2018-05-17
78.72,2018-05-18
79.41,2018-05-21
79.44,2018-05-22
79.71,2018-05-23
78.88,2018-05-24
76.45,2018-05-25
75.34,2018-05-28
75.54,2018-05-29
77.86,2018-05-30
77.61,2018-05-31
76.71,2018-06-01
75.37,2018-06-04
74.96,2018-06-05
75.86,2018-06-06
77.44,2018-06-07
76.34,2018-06-08
76.36,2018-06-11
75.43,2018-06-12
76.56,2018-06-13
75.63,2018-06-14
72.67,2018-06-15
74.67,2018-06-19
73.91,2018-06-20
73.16,2018-06-21
75.33,2018-06-22
74.57,2018-06-25
76.48,2018-06-26
77.13,2018-06-27
77.55,2018-06-28
79.12,2018-06-29
77.49,2018-07-02
77.88,2018-07-03
78.16,2018-07-04
77.54,2018-07-05
77.29,2018-07-06
78.18,2018-07-09
78.86,2018-07-10
74.17,2018-07-11
74.53,2018-07-12
74.92,2018-07-13
71.87,2018-07-16
71.6,2018-07-17
73.06,2018-07-18
72.7,2018-07-19
73.07,2018-07-20
73.26,2018-07-23
74.15,2018-07-24
74.84,2018-07-25
75.06,2018-07-26
74.92,2018-07-27
75.35,2018-07-30
74.19,2018-07-31
72.62,2018-08-01
73.39,2018-08-02
73.42,2018-08-03
73.67,2018-08-06
74.46,2018-08-07
72.23,2018-08-08
72.03,2018-08-09
72.96,2018-08-10
72.83,2018-08-13
72.16,2018-08-14
71.16,2018-08-15
71.66,2018-08-16
72.03,2018-08-17
72.44,2018-08-20
73.07,2018-08-21
75.2,2018-08-22
75.07,2018-08-23
75.75,2018-08-24
76.56,2018-08-27
76.27,2018-08-28
77.69,2018-08-29
77.75,2018-08-30
77.71,2018-08-31
78.01,2018-09-03
77.86,2018-09-04
77.12,2018-09-05
76.63,2018-09-06
77.1,2018-09-07
77.36,2018-09-10
79.5,2018-09-11
79.29,2018-09-12
78.02,2018-09-13
77.62,2018-09-14
77.53,2018-09-17
78.39,2018-09-18
78.85,2018-09-19
78.22,2018-09-20
78.22,2018-09-21
80.89,2018-09-25
81.18,2018-09-26
81.3,2018-09-27
82.95,2018-09-28
83.76,2018-10-08
84.86,2018-10-09
82.6,2018-10-10
80.36,2018-10-11
80.6,2018-10-12
80.76,2018-10-15
81.56,2018-10-16
80.36,2018-10-17
78.77,2018-10-18
79.54,2018-10-19
79.57,2018-10-22
75.91,2018-10-23
75.82,2018-10-24
76.7,2018-10-25
77.82,2018-10-26
76.87,2018-10-29
76.18,2018-10-30
74.59,2018-10-31
72.75,2018-11-01
72.62,2018-11-02
72.71,2018-11-05
71.65,2018-11-06
72.0,2018-11-07
70.96,2018-11-08
69.88,2018-11-09
68.97,2018-11-12
65.35,2018-11-13
65.86,2018-11-14
66.63,2018-11-15
67.32,2018-11-16
67.3,2018-11-19
62.58,2018-11-20
63.75,2018-11-21
62.76,2018-11-22
62.76,2018-11-23
60.55,2018-11-26
61.04,2018-11-27
58.96,2018-11-28
59.7,2018-11-29
59.07,2018-11-30
61.9,2018-12-03
61.31,2018-12-04
61.61,2018-12-05
60.31,2018-12-06
61.4,2018-12-07
59.81,2018-12-10
60.46,2018-12-11
60.18,2018-12-12
61.71,2018-12-13
60.36,2018-12-14
58.7,2018-12-17
56.0,2018-12-18
56.77,2018-12-19
55.0,2018-12-20
53.79,2018-12-21
50.68,2018-12-24
50.68,2018-12-25
55.18,2018-12-26
53.58,2018-12-27
52.8,2018-12-28
54.68,2019-01-02
55.55,2019-01-03
57.42,2019-01-04
57.57,2019-01-07
58.59,2019-01-08
61.34,2019-01-09
61.18,2019-01-10
61.18,2019-01-11
