,S&P500,stock return,stock volatility
1927-12-31,17.66,,
1928-01-31,17.57,,
1928-02-29,17.26,,
1928-03-31,19.28,,
1928-04-30,19.75,,
1928-05-31,20.0,,
1928-06-30,19.14,,
1928-07-31,19.43,,
1928-08-31,20.87,,
1928-09-30,21.14,,
1928-10-31,21.68,,
1928-11-30,24.28,,
1928-12-31,24.35,0.393817973669,0.00944847359823
1929-01-31,25.74,0.475917431193,0.00966274785745
1929-02-28,25.59,0.421666666667,0.0100079460649
1929-03-31,25.53,0.33664921466,0.0106508779269
1929-04-30,25.94,0.283523008412,0.0107982116512
1929-05-31,24.83,0.35387131952,0.0111317093712
1929-06-30,27.41,0.446437994723,0.0108027300254
1929-07-31,28.88,0.50025974026,0.010886856516
1929-08-31,31.71,0.498582230624,0.0113581206553
1929-09-30,30.16,0.408687529192,0.0119054184779
1929-10-31,24.15,0.054124836316,0.0197030838839
1929-11-30,20.92,-0.0623038995966,0.023133125163
1929-12-31,21.45,-0.127339300244,0.023726749201
1930-01-31,22.79,-0.0876701361089,0.0236218216516
1930-02-28,23.28,-0.067681217461,0.0236094440292
1930-03-31,25.14,0.00319233838787,0.0232308103838
1930-04-30,24.9,-0.0546697038724,0.023301326534
1930-05-31,24.49,-0.0369642154935,0.0232378299504
1930-06-30,20.46,-0.276008492569,0.0246662413465
1930-07-31,21.21,-0.275367270243,0.0248848416696
1930-08-31,21.37,-0.322232794164,0.0250139297663
1930-09-30,18.59,-0.396624472574,0.0246644300293
1930-10-31,16.94,-0.0407701019253,0.0183668524233
1930-11-30,16.38,-0.268096514745,0.0172284606991
1930-12-31,15.34,-0.288497217069,0.0174452697343
1931-01-31,16.19,-0.306934931507,0.0177965312008
1931-02-28,18.03,-0.239881956155,0.0181332283271
1931-03-31,16.69,-0.356095679012,0.0185252566982
1931-04-30,15.09,-0.373599003736,0.0187439986329
1931-05-31,13.02,-0.413513513514,0.0188945105167
1931-06-30,14.83,-0.305711610487,0.0199600190047
1931-07-31,13.73,-0.318948412698,0.0200302076564
1931-08-31,13.86,-0.345917885795,0.0201546858103
1931-09-30,9.71,-0.466483516484,0.0215037077794
1931-10-31,10.43,-0.382474837182,0.0244219603093
1931-11-30,9.5,-0.384316267012,0.0249635830783
1931-12-31,8.12,-0.474773609314,0.025761926063
1932-01-31,7.94,-0.537834691502,0.0269391422953
1932-02-29,8.29,-0.521362586605,0.0281728555985
1932-03-31,7.31,-0.548207663782,0.0286394097521
1932-04-30,5.83,-0.602319236016,0.0291740986559
1932-05-31,4.47,-0.674909090909,0.0295212727419
1932-06-30,4.43,-0.685592618879,0.0301784561026
1932-07-31,6.03,-0.568977841315,0.0312953651438
1932-08-31,8.39,-0.306611570248,0.0335437262845
1932-09-30,8.08,-0.181357649443,0.0326185303041
1932-10-31,6.96,-0.371273712737,0.0339971780156
1932-11-30,6.55,-0.211793020457,0.0346023964878
1932-12-31,6.92,-0.213636363636,0.0334359269494
1933-01-31,6.94,-0.145320197044,0.0328031908882
1933-02-28,5.66,-0.35166093929,0.0329575909622
1933-03-31,5.85,-0.171388101983,0.0347386169811
1933-04-30,7.83,0.343053173242,0.0354224553804
1933-05-31,9.64,1.19090909091,0.035171392146
1933-06-30,10.91,1.37173913043,0.0346856793766
1933-07-31,9.95,0.628477905074,0.0358590124296
1933-08-31,11.09,0.3093270366,0.034264561858
1933-09-30,9.72,0.20297029703,0.0326178245978
1933-10-31,8.96,0.325443786982,0.0318057150455
1933-11-30,9.88,0.468053491828,0.0308843405217
1933-12-31,9.97,0.440751445087,0.0307318311308
1934-01-31,11.17,0.674662668666,0.0306511442431
1934-02-28,10.76,0.864818024263,0.0300498273359
1934-03-31,10.62,0.623853211009,0.0275440936945
1934-04-30,10.46,0.185941043084,0.0249994941481
1934-05-31,9.61,-0.11753902663,0.0245265917117
1934-06-30,9.81,-0.173546756529,0.0230561338143
1934-07-31,8.68,-0.183443085607,0.0207630274035
1934-08-31,9.15,-0.176417641764,0.0204054128028
1934-09-30,9.08,-0.112414467253,0.0194465366343
1934-10-31,8.81,-0.101936799185,0.0174463264984
1934-11-30,9.54,-0.074684772066,0.0168978813119
1934-12-31,9.5,-0.0631163708087,0.0165059164151
1935-01-31,9.1,-0.186046511628,0.0156756509949
1935-02-28,8.74,-0.185461323392,0.0153109161453
1935-03-31,8.45,-0.233907524932,0.0152002316032
1935-04-30,9.28,-0.0607287449393,0.0149400402542
1935-05-31,9.58,-0.0505450941526,0.0143716429451
1935-06-30,10.24,0.0301810865191,0.0142466045024
1935-07-31,11.08,0.213581599124,0.0124190238443
1935-08-31,11.24,0.288990825688,0.0120777295466
1935-09-30,11.59,0.312570781427,0.0117234012893
1935-10-31,12.46,0.354347826087,0.0116843850215
1935-11-30,12.94,0.411123227917,0.0116974355066
1935-12-31,13.43,0.451891891892,0.0116983411429
1936-01-31,14.31,0.588235294118,0.0116168024433
1936-02-29,14.6,0.782661782662,0.0111089485511
1936-03-31,14.92,0.667039106145,0.0114390967088
1936-04-30,13.77,0.403669724771,0.0119669891046
1936-05-31,14.4,0.422924901186,0.0119421875639
1936-06-30,14.84,0.39736346516,0.0119413025568
1936-07-31,15.85,0.361683848797,0.0117582876347
1936-08-31,15.99,0.36433447099,0.0118065470711
1936-09-30,16.01,0.344248530647,0.0113804541613
1936-10-31,17.23,0.297439759036,0.0113205661496
1936-11-30,17.28,0.345794392523,0.0111313280349
1936-12-31,17.18,0.247639796659,0.0112018754231
1937-01-31,17.77,0.212141882674,0.0111552979284
1937-02-28,18.06,0.213709677419,0.0107343561359
1937-03-31,17.92,0.162127107652,0.0106664207248
1937-04-30,16.43,0.176091624911,0.0106420415182
1937-05-31,16.26,0.117525773196,0.0108775945542
1937-06-30,15.4,0.00325732899023,0.0112197121885
1937-07-31,16.77,0.0351851851852,0.01146732104
1937-08-31,16.04,-0.00742574257426,0.0113796638947
1937-09-30,13.76,-0.184350918791,0.0134703881786
1937-10-31,12.35,-0.299489506523,0.0165231278716
1937-11-30,11.11,-0.348387096774,0.0182655551285
1937-12-31,10.55,-0.400908574673,0.0187933806352
1938-01-31,10.69,-0.416484716157,0.0197085793595
1938-02-28,11.34,-0.382352941176,0.0203264152635
1938-03-31,8.5,-0.506674405107,0.0212674557225
1938-04-30,9.78,-0.375079872204,0.0220005855334
1938-05-31,9.27,-0.390131578947,0.0222820820699
1938-06-30,11.56,-0.297691373026,0.0230430878405
1938-07-31,12.33,-0.278947368421,0.0234623671369
1938-08-31,12.06,-0.17453798768,0.0231911846513
1938-09-30,12.24,0.0337837837838,0.0233163264327
1938-10-31,13.17,0.147212543554,0.0212614567022
1938-11-30,12.73,0.175438596491,0.0205838340584
1938-12-31,13.14,0.109797297297,0.0197040143805
1939-01-31,12.3,0.121239744758,0.0198697908739
1939-02-28,12.7,0.166207529844,0.0196877349342
1939-03-31,10.98,0.10351758794,0.0182583368817
1939-04-30,10.93,0.0282220131703,0.0179018329905
1939-05-31,11.6,0.167002012072,0.0176613027766
1939-06-30,10.86,-0.0980066445183,0.0167721615141
1939-07-31,12.04,-0.0482213438735,0.0167109289483
1939-08-31,11.18,-0.0729684908789,0.0165833840745
1939-09-30,12.79,-0.00929512006197,0.0172803235242
1939-10-31,12.83,-0.063503649635,0.0170351915713
1939-11-30,12.2,-0.0208667736758,0.0166514444764
1939-12-31,12.46,-0.00875099443119,0.0164157030356
1940-01-31,12.05,-0.0227088402271,0.0154207902545
1940-02-29,12.13,-0.0611455108359,0.015210325905
1940-03-31,12.18,0.168905950096,0.0138066100257
1940-04-30,12.19,0.0797165633304,0.0134045039768
1940-05-31,9.27,-0.199481865285,0.0155539685556
1940-06-30,9.98,-0.135930735931,0.0163838209546
1940-07-31,10.29,-0.109861591696,0.0160244836804
1940-08-31,10.5,-0.194167306216,0.0135953455333
1940-09-30,10.66,-0.169781931464,0.013458272866
1940-10-31,11.08,-0.122723673793,0.0134013708917
1940-11-30,10.57,-0.132895816243,0.0140966641059
1940-12-31,10.58,-0.127782357791,0.0139577263099
1941-01-31,10.07,-0.17996742671,0.0141132958348
1941-02-28,9.92,-0.190204081633,0.0144595543984
1941-03-31,9.96,-0.191558441558,0.0145116344518
1941-04-30,9.31,-0.16201620162,0.0140806917838
1941-05-31,9.38,-0.051567239636,0.010773766477
1941-06-30,9.85,-0.0100502512563,0.0105151479154
1941-07-31,10.39,0.039,0.0102578329212
1941-08-31,10.28,-0.00194174757282,0.00961445778875
1941-09-30,10.2,-0.0359168241966,0.00932919962212
1941-10-31,9.5,-0.158547387068,0.00835211522155
1941-11-30,9.12,-0.140433553252,0.00835518580893
1941-12-31,8.69,-0.19685767098,0.00946097444692
1942-01-31,8.85,-0.113226452906,0.00957329455795
1942-02-28,8.59,-0.149504950495,0.00913920505777
1942-03-31,8.01,-0.174226804124,0.00950705740515
1942-04-30,7.66,-0.189417989418,0.00977425162008
1942-05-31,8.15,-0.170061099796,0.00975399386709
1942-06-30,8.3,-0.192607003891,0.00972606548712
1942-07-31,8.56,-0.151635282458,0.00997191849921
1942-08-31,8.62,-0.157380254154,0.00997424048569
1942-09-30,8.85,-0.0950920245399,0.00985490583381
1942-10-31,9.36,0.00645161290323,0.00975027874497
1942-11-30,9.29,0.0532879818594,0.00918948679377
1942-12-31,9.77,0.0831485587583,0.00834605549651
1943-01-31,10.44,0.213953488372,0.00825120174637
1943-02-28,10.97,0.374686716792,0.00781341992801
1943-03-31,11.58,0.478927203065,0.00762159614342
1943-04-30,11.59,0.483994878361,0.00761210199606
1943-05-31,12.05,0.4448441247,0.0076316381558
1943-06-30,12.35,0.403409090909,0.00739071813076
1943-07-31,11.85,0.397405660377,0.00772298411267
1943-08-31,11.8,0.375291375291,0.00824566204635
1943-09-30,12.08,0.293361884368,0.00819640705483
1943-10-31,11.91,0.239334027055,0.00806261550777
1943-11-30,11.02,0.17735042735,0.0083821766959
1943-12-31,11.67,0.172864321608,0.00839523098676
1944-01-31,11.85,0.110590440487,0.00831423458703
1944-02-29,11.82,0.070652173913,0.00815247097831
1944-03-31,12.02,0.0580985915493,0.00752361746032
1944-04-30,11.87,-0.00419463087248,0.00741911112789
1944-05-31,12.35,0.035205364627,0.00719568325174
1944-06-30,12.98,0.0350877192982,0.00722876382237
1944-07-31,12.71,0.0734797297297,0.00629366111211
1944-08-31,12.82,0.0701168614357,0.00616907221062
1944-09-30,12.74,0.0769230769231,0.00625605961138
1944-10-31,12.78,0.148247978437,0.00590686663445
1944-11-30,12.83,0.115652173913,0.00573473087856
1944-12-31,13.28,0.124470787468,0.00568084317707
1945-01-31,13.47,0.147359454855,0.00579695783821
1945-02-28,14.3,0.181818181818,0.00588592507035
1945-03-31,13.61,0.128524046434,0.00642054416644
1945-04-30,14.84,0.228476821192,0.00659034485708
1945-05-31,15.01,0.196015936255,0.0066168130437
1945-06-30,14.87,0.120572720422,0.00668853879972
1945-07-31,14.66,0.14710485133,0.00692714198063
1945-08-31,15.51,0.242788461538,0.00718291085155
1945-09-30,16.05,0.237471087124,0.00744576501738
1945-10-31,16.65,0.283731688512,0.00759495608213
1945-11-30,17.19,0.323325635104,0.00775646237957
1945-12-31,17.36,0.289747399703,0.0080502492185
1946-01-31,18.57,0.352512745812,0.00856136995544
1946-02-28,17.28,0.202505219207,0.00975347422175
1946-03-31,18.04,0.319678127286,0.00960321433538
1946-04-30,18.76,0.257372654155,0.00958506663625
1946-05-31,19.18,0.282085561497,0.00965105854982
1946-06-30,18.43,0.240242261104,0.00977129755616
1946-07-31,17.96,0.220108695652,0.00980498268484
1946-08-31,16.65,0.0551330798479,0.009800119461
1946-09-30,14.96,-0.0933333333333,0.0123464293533
1946-10-31,14.84,-0.129107981221,0.013086478467
1946-11-30,14.68,-0.169683257919,0.0134721475596
1946-12-31,15.3,-0.156094870381,0.0135823952648
1947-01-31,15.66,-0.129032258065,0.0135062260975
1947-02-28,15.43,-0.10029154519,0.0128073684666
1947-03-31,15.17,-0.191795418221,0.0128886749356
1947-04-30,14.58,-0.22405534859,0.0131935119738
1947-05-31,14.45,-0.226859283039,0.0134344326573
1947-06-30,15.21,-0.167487684729,0.0135238599518
1947-07-31,15.76,-0.135490948985,0.0135577495256
1947-08-31,15.32,0.0199733688415,0.0117398960449
1947-09-30,15.11,0.0328092959672,0.0107329851554
1947-10-31,15.43,0.0362659503022,0.00960199761139
1947-11-30,14.98,-0.0221932114883,0.00895934202996
1947-12-31,15.3,0.0337837837838,0.00872639378142
1948-01-31,14.68,-0.090458488228,0.00864390743018
1948-02-29,13.93,-0.0719520319787,0.00855883993523
1948-03-31,15.08,0.0168577208361,0.00872955331211
1948-04-30,15.48,0.0705394190871,0.00805895063953
1948-05-31,16.69,0.146291208791,0.00947510217533
1948-06-30,16.74,0.054820415879,0.00921116850049
1948-07-31,15.85,0.0339204174821,0.00945191453787
1948-08-31,15.97,0.061835106383,0.00948910880017
1948-09-30,15.49,0.0130804447351,0.00977956620002
1948-10-31,16.5,0.0777269758328,0.00974969293965
1948-11-30,14.75,-0.00606469002695,0.0108155047825
1948-12-31,15.2,0.0167224080268,0.0108062187669
1949-01-31,15.22,0.098916967509,0.0106511044402
1949-02-28,14.62,0.0450321658327,0.0108643354149
1949-03-31,15.06,-0.0208062418726,0.0107034427432
1949-04-30,14.71,-0.080625,0.0106554368922
1949-05-31,14.19,-0.163818503241,0.00906932251223
1949-06-30,14.16,-0.140776699029,0.00920927714921
1949-07-31,15.04,-0.0426479949077,0.00875353824345
1949-08-31,15.22,-0.0367088607595,0.00865420428144
1949-09-30,15.58,-0.0334987593052,0.00854781696135
1949-10-31,16.04,0.0511140235911,0.00710370709398
1949-11-30,16.06,0.0531147540984,0.00706470729853
1949-12-31,16.79,0.0853264382676,0.00680225768376
1950-01-31,17.05,0.169410150892,0.00668045314586
1950-02-28,17.22,0.158815612382,0.00654869431358
1950-03-31,17.29,0.153435623749,0.00638929109022
1950-04-30,17.96,0.206989247312,0.00640252748778
1950-05-31,18.78,0.348169418521,0.00618913940311
1950-06-30,17.69,0.210814510609,0.00752592196662
1950-07-31,17.84,0.160702667534,0.00819469823127
1950-08-31,18.42,0.186855670103,0.00828086254866
1950-09-30,19.45,0.228679722047,0.0082225767417
1950-10-31,19.53,0.210037174721,0.00847272600335
1950-11-30,19.51,0.177429088715,0.00888249377015
1950-12-31,20.43,0.195435927443,0.00948229112575
1951-01-31,21.66,0.256380510441,0.00964719750733
1951-02-28,21.8,0.275599765945,0.00969794323676
1951-03-31,21.48,0.21014084507,0.00979526399376
1951-04-30,22.43,0.226353198469,0.00977532312428
1951-05-31,21.52,0.109278350515,0.00992556727563
1951-06-30,20.96,0.242442205098,0.00870084315171
1951-07-31,22.4,0.212121212121,0.00842342983337
1951-08-31,23.28,0.219486642221,0.00826225779702
1951-09-30,23.26,0.17593528817,0.00799027112926
1951-10-31,22.94,0.146426786607,0.00787375633496
1951-11-30,22.88,0.160243407708,0.00718244488022
1951-12-31,23.77,0.140047961631,0.00671157962359
1952-01-31,24.14,0.0888588182228,0.00644846212975
1952-02-29,23.26,0.0718894009217,0.0065013647542
1952-03-31,24.37,0.126155268022,0.00632348526454
1952-04-30,23.32,0.035984007108,0.0063660883883
1952-05-31,23.86,0.104118463674,0.00602701702851
1952-06-30,24.96,0.151291512915,0.00565818886329
1952-07-31,25.4,0.114523913997,0.00536355024452
1952-08-31,25.03,0.0651063829787,0.00534904758231
1952-09-30,24.54,0.0393900889454,0.00537172649964
1952-10-31,24.52,0.0730853391685,0.00508241832865
1952-11-30,25.66,0.0956447480786,0.00502933071856
1952-12-31,26.57,0.108006672227,0.00502406041801
1953-01-31,26.38,0.0941518042306,0.00492907209991
1953-02-28,25.9,0.0974576271186,0.00477705825294
1953-03-31,25.29,0.0563909774436,0.00485576638696
1953-04-30,24.62,0.0327181208054,0.0050034110499
1953-05-31,24.54,0.0127940569542,0.00509581513563
1953-06-30,24.14,-0.0336269015212,0.00540856544642
1953-07-31,24.75,-0.0209651898734,0.00550736151061
1953-08-31,23.32,-0.0562525293403,0.00560336896254
1953-09-30,23.35,-0.046160130719,0.00698446964504
1953-10-31,24.54,-0.00848484848485,0.00686231206307
1953-11-30,24.76,-0.0462249614792,0.00685166955278
1953-12-31,24.81,-0.0486963190184,0.00683348389328
1954-01-31,26.08,0.0171606864275,0.00683795021227
1954-02-28,26.15,0.000765403750478,0.00684969699465
1954-03-31,26.94,0.0793269230769,0.00655717972708
1954-04-30,28.26,0.13722334004,0.00654556348558
1954-05-31,29.19,0.225440806045,0.006335488712
1954-06-30,29.21,0.21303986711,0.00647283562002
1954-07-31,30.88,0.246166263115,0.00650792536264
1954-08-31,29.83,0.313518273888,0.00644886622647
1954-09-30,32.31,0.364442567568,0.00523696465202
1954-10-31,31.68,0.299425758819,0.00521972669034
1954-11-30,34.24,0.385673816269,0.00553770775261
1954-12-31,35.98,0.414864333464,0.00560646959536
1955-01-31,36.63,0.419217357613,0.00634167765326
1955-02-28,36.76,0.384036144578,0.00651246530488
1955-03-31,36.58,0.317723342939,0.00709615177836
1955-04-30,37.96,0.316227461859,0.0071119927875
1955-05-31,37.91,0.314949705168,0.00705044017011
1955-06-30,41.03,0.364936793081,0.00705044815867
1955-07-31,43.52,0.416666666667,0.007438314134
1955-08-31,43.18,0.372536554355,0.00750197364815
1955-09-30,43.67,0.377168085777,0.00879225141225
1955-10-31,42.34,0.261245159368,0.00923613429881
1955-11-30,45.51,0.316840277778,0.00947490316092
1955-12-31,45.48,0.289115646259,0.00911784024706
1956-01-31,43.82,0.187855787476,0.00907724370178
1956-02-29,45.34,0.269672360683,0.00882900967978
1956-03-31,48.59,0.280031612223,0.00889888842392
1956-04-30,48.38,0.306861156132,0.0088817167303
1956-05-31,45.2,0.131131131131,0.00919385649198
1956-06-30,46.97,0.108829084042,0.00899841086751
1956-07-31,49.39,0.179885332059,0.00880622032289
1956-08-31,47.51,0.0520372010629,0.00895882206914
1956-09-30,45.35,0.100194080543,0.00722272101732
1956-10-31,45.58,-0.000219346347883,0.00702661818079
1956-11-30,45.08,-0.00110791048083,0.00739206490814
1956-12-31,46.67,0.0573176257363,0.00744667155559
1957-01-31,44.72,0.0154405086285,0.00734754789987
1957-02-28,43.26,-0.0898379970545,0.00738004153272
1957-03-31,44.11,-0.0814244064973,0.00719609308227
1957-04-30,45.74,-0.0292869269949,0.00706801870044
1957-05-31,47.43,0.0217578629901,0.00649522343391
1957-06-30,47.37,-0.0249073692878,0.00649727977436
1957-07-31,47.91,-0.0137916838205,0.00645577019869
1957-08-31,45.22,-0.0376675888487,0.00682055810314
1957-09-30,42.42,-0.0937833796197,0.00680588526208
1957-10-31,41.06,-0.107585307542,0.0076834660003
1957-11-30,41.72,-0.0955993930197,0.00814937928998
1957-12-31,39.99,-0.114873837981,0.00828698282418
1958-01-31,41.7,-0.0300069783671,0.00817314492515
1958-02-28,40.84,-0.0728717366629,0.00822640390176
1958-03-31,42.1,-0.06340378198,0.00829512342771
1958-04-30,43.44,-0.0723894939142,0.0083967811819
1958-05-31,44.2,-0.0837479270315,0.00837471098027
1958-06-30,45.24,-0.0687525730753,0.00835456905163
1958-07-31,47.19,0.0296748854462,0.00832172211788
1958-08-31,47.75,0.0696684587814,0.00792704699849
1958-09-30,50.06,0.211226711832,0.00741565022257
1958-10-31,51.33,0.289374529013,0.00621119949831
1958-11-30,52.48,0.308075772682,0.00585986866933
1958-12-31,55.21,0.344617632733,0.00563728191347
1959-01-31,55.42,0.340914589886,0.00558818779631
1959-02-28,55.41,0.304992934527,0.00572967280776
1959-03-31,55.44,0.32,0.00575474434034
1959-04-30,57.59,0.335575139147,0.00563917307837
1959-05-31,58.68,0.311284916201,0.00572055615607
1959-06-30,58.47,0.296164930171,0.00575160426522
1959-07-31,60.51,0.262993112085,0.00568605066868
1959-08-31,59.6,0.217320261438,0.00596686881719
1959-09-30,56.88,0.109637143972,0.00639930065643
1959-10-31,57.52,0.083443209644,0.00631020968679
1959-11-30,58.28,0.0950770387073,0.00597969165437
1959-12-31,59.89,0.0731051782835,0.00578400339943
1960-01-31,55.61,0.0218669606762,0.00582767018309
1960-02-29,56.12,0.00107028184088,0.00605077838145
1960-03-31,55.34,-0.044544198895,0.0061774950065
1960-04-30,54.37,-0.0651650618982,0.00622664683237
1960-05-31,55.83,-0.0203544481488,0.00613273364587
1960-06-30,56.92,-0.041912136004,0.00612157108422
1960-07-31,55.51,-0.0615384615385,0.0061318634677
1960-08-31,56.96,0.00423131170663,0.00594745856748
1960-09-30,53.52,-0.0589062774749,0.00615937026843
1960-10-31,53.39,-0.0503379580221,0.006271913543
1960-11-30,55.54,-0.0570458404075,0.00633881191908
1960-12-31,58.11,-0.00462487153135,0.00631140889389
1961-01-31,61.78,0.119811491753,0.006116301574
1961-02-28,63.44,0.167893961708,0.0059021989864
1961-03-31,65.33,0.157717526139,0.00590216394768
1961-04-30,65.31,0.181012658228,0.00593252154328
1961-05-31,66.56,0.149369711621,0.0059595920671
1961-06-30,64.64,0.153256021409,0.00599568157861
1961-07-31,66.76,0.178256265443,0.00584367112976
1961-08-31,68.07,0.23270554147,0.00574266660367
1961-09-30,66.73,0.222833058457,0.00545705771179
1961-10-31,68.62,0.229528758287,0.00505787742415
1961-11-30,71.32,0.254750175932,0.00504578591259
1961-12-31,71.55,0.200503355705,0.00501847755407
1962-01-31,68.84,0.120990066764,0.00510608441434
1962-02-28,69.96,0.103818239192,0.00506511950349
1962-03-31,69.55,0.0496528825838,0.00501560598254
1962-04-30,65.24,-0.0173218858262,0.0050618868101
1962-05-31,59.63,-0.096241285238,0.00803438849447
1962-06-30,54.75,-0.161305147059,0.00930240880191
1962-07-31,58.23,-0.140135853514,0.00955625148553
1962-08-31,59.12,-0.126090169993,0.00962057190213
1962-09-30,56.27,-0.174442488263,0.0097293974522
1962-10-31,56.52,-0.211385516953,0.010332683569
1962-11-30,62.26,-0.13503751042,0.0105506296351
1962-12-31,63.1,-0.0916942565136,0.0105487750916
1963-01-31,66.2,-0.0599261573417,0.0105861045012
1963-02-28,64.29,-0.0933577774644,0.0106142912258
1963-03-31,66.57,-0.0168365086398,0.010597408634
1963-04-30,69.8,0.10618066561,0.0103335546277
1963-05-31,70.8,0.303147432358,0.00759662844134
1963-06-30,69.37,0.199550406363,0.00652500004234
1963-07-31,69.13,0.18678111588,0.00634007038339
1963-08-31,72.5,0.231108847003,0.00619581786278
1963-09-30,71.7,0.258999122037,0.00579741992305
1963-10-31,74.01,0.234117058529,0.0044769693129
1963-11-30,73.23,0.169247964234,0.00547346828297
1963-12-31,75.02,0.150613496933,0.00532649207186
1964-01-31,77.04,0.16462585034,0.00527008542977
1964-02-29,77.8,0.180397511758,0.00510649691639
1964-03-31,78.98,0.148465900829,0.00499305451503
1964-04-30,79.46,0.1317476143,0.00499550703024
1964-05-31,80.24,0.142531681618,0.00500162751445
1964-06-30,81.69,0.181515765114,0.00494849166822
1964-07-31,83.18,0.16531241244,0.0048682330278
1964-08-31,81.83,0.119885041741,0.00497043696293
1964-09-30,84.18,0.16270718232,0.00485992214114
1964-10-31,84.86,0.172909467865,0.00467523056242
1964-11-30,84.42,0.136204576043,0.00324876099358
1964-12-31,84.75,0.10697492163,0.00333176839187
1965-01-31,87.56,0.13009808983,0.00333202094719
1965-02-28,87.43,0.104751074046,0.00352890210761
1965-03-31,86.16,0.0743142144638,0.00354739173505
1965-04-30,89.11,0.0987669543773,0.00343919793158
1965-05-31,88.42,0.110804020101,0.00342909843119
1965-06-30,84.12,0.0093592512599,0.00430184411341
1965-07-31,85.25,0.0344618371557,0.00435475451626
1965-08-31,87.17,0.0502409638554,0.00431855172679
1965-09-30,89.96,0.0609741714825,0.00438453671109
1965-10-31,92.42,0.0846144818683,0.00438766413491
1965-11-30,91.61,0.0977831036549,0.0042688698495
1965-12-31,92.43,0.0721494026215,0.00429612948461
1966-01-31,92.88,0.0791216451725,0.00420709514515
1966-02-28,91.22,0.0456212746447,0.00429816742626
1966-03-31,89.23,0.0122518434487,0.00464648697965
1966-04-30,91.06,0.0106548279689,0.00474714571961
1966-05-31,86.13,0.0194105811339,0.0051934524186
1966-06-30,84.74,-0.0110864745011,0.00480611430126
1966-07-31,83.6,-0.0365333640659,0.00506530120162
1966-08-31,77.1,-0.143523661409,0.00612867767191
1966-09-30,76.56,-0.162179908076,0.00656857174445
1966-10-31,80.2,-0.132128557515,0.0072998916447
1966-11-30,80.45,-0.125733536188,0.00745081555156
1966-12-31,80.33,-0.140855614973,0.00756101516195
1967-01-31,86.61,-0.0751735184196,0.00770933621041
1967-02-28,86.78,-0.0121798520205,0.00759971110553
1967-03-31,90.2,-0.0181778600196,0.00760505580649
1967-04-30,94.01,0.0902238200162,0.00753152972342
1967-05-31,89.08,0.0230848742391,0.00742802847771
1967-06-30,90.64,0.0408819476344,0.00753675318338
1967-07-31,94.75,0.139232896477,0.00729703146004
1967-08-31,93.64,0.169330669331,0.00627040415089
1967-09-30,96.71,0.257770841462,0.0054521905145
1967-10-31,93.9,0.149467499082,0.00532348898036
1967-11-30,94.0,0.137463697967,0.00536568646735
1967-12-31,96.47,0.141251626641,0.00518768789339
1968-01-31,92.24,0.0461608256777,0.00519633341435
1968-02-29,89.36,0.0114318053198,0.00536986841194
1968-03-31,90.2,0.00827185334228,0.00560639457837
1968-04-30,97.59,0.04096,0.00598650810748
1968-05-31,98.68,0.0654286331246,0.00550419606639
1968-06-30,99.58,0.0860508234268,0.00563636286288
1968-07-31,97.74,0.024850581944,0.00584339517259
1968-08-31,98.86,0.0664509169364,0.00587717978116
1968-09-30,102.67,0.0680328721523,0.00588366963762
1968-10-31,103.41,0.0856692913386,0.00581871718139
1968-11-30,108.37,0.183207773774,0.00572066315682
1968-12-31,103.86,0.0859473023839,0.00559014374983
1969-01-31,103.01,0.0674611398964,0.0056974781889
1969-02-28,98.13,0.0635092662837,0.00578593811624
1969-03-31,101.51,0.157204742362,0.00559516390947
1969-04-30,103.69,0.109339895154,0.00507794728387
1969-05-31,103.46,0.0519572953737,0.00487419776999
1969-06-30,97.71,-0.021824006407,0.00497243253026
1969-07-31,91.83,-0.102696892711,0.00564964824334
1969-08-31,95.51,-0.0352525252525,0.00571204068688
1969-09-30,93.12,-0.092309191929,0.00592936466994
1969-10-31,97.24,-0.0568380213385,0.00610954957615
1969-11-30,93.81,-0.130825535069,0.00616746582416
1969-12-31,92.06,-0.0834328952609,0.00632374788706
1970-01-31,85.02,-0.179581202355,0.00656618192879
1970-02-28,89.5,-0.0964159515396,0.00667113544812
1970-03-31,89.63,-0.117554395983,0.00680407218522
1970-04-30,81.52,-0.232102486812,0.00707383823757
1970-05-31,76.55,-0.224024328434,0.00903583760352
1970-06-30,72.72,-0.235973944106,0.00935142943641
1970-07-31,78.05,-0.174685418209,0.00941025829095
1970-08-31,81.52,-0.139721401435,0.00961829430276
1970-09-30,84.21,-0.126180346581,0.00969482376998
1970-10-31,83.25,-0.136500363033,0.00982538096211
1970-11-30,87.2,-0.0280873829692,0.00985588070209
1970-12-31,92.15,0.0278862242052,0.00970935894458
1971-01-31,95.88,0.10882386955,0.00957357308913
1971-02-28,96.75,0.113220573007,0.00948650768495
1971-03-31,100.31,0.170888292284,0.00937280648584
1971-04-30,103.95,0.350701663202,0.00858748852788
1971-05-31,99.63,0.339472976607,0.00676546250906
1971-06-30,99.7,0.305999476028,0.00609338979796
1971-07-31,95.58,0.271348762969,0.00590158773861
1971-08-31,99.03,0.210783714391,0.00613626405251
1971-09-30,98.34,0.161724748966,0.00590077554376
1971-10-31,94.23,0.130262684419,0.00591615290421
1971-11-30,93.99,0.048293553424,0.00627191829994
1971-12-31,102.09,0.0929236698426,0.00647607251666
1972-01-31,103.94,0.0584521384929,0.00651572813773
1972-02-29,106.57,0.0538963607595,0.00638530219982
1972-03-31,107.2,0.0306701278723,0.00647525107816
1972-04-30,107.67,0.0693216804052,0.00642816515664
1972-05-31,109.53,0.0898507462687,0.00653483480835
1972-06-30,107.14,0.0787354007249,0.00637042413154
1972-07-31,107.39,0.0740074007401,0.00583380552883
1972-08-31,111.09,0.114466292135,0.00570202708168
1972-09-30,110.55,0.135593220339,0.00569707331428
1972-10-31,111.58,0.201723209478,0.00547455961115
1972-11-30,116.67,0.169741327451,0.00504318604938
1972-12-31,118.05,0.146227789106,0.00502707246754
1973-01-31,116.03,0.104206318995,0.00507087347071
1973-02-28,111.68,0.030543508351,0.00545955115145
1973-03-31,111.52,0.0121619168633,0.00584118461387
1973-04-30,106.97,0.0147030923923,0.00615699629234
1973-05-31,104.95,-0.019250537333,0.00695544401735
1973-06-30,104.26,-0.0246047338385,0.00745370962783
1973-07-31,108.22,-0.0254840162089,0.00779851899111
1973-08-31,104.25,-0.0426997245179,0.00793667371889
1973-09-30,108.43,-0.0141831075552,0.00806379291671
1973-10-31,108.29,-0.0492537313433,0.00817322003262
1973-11-30,95.96,-0.190620782726,0.00909736374457
1973-12-31,97.55,-0.176376224249,0.0101142400027
1974-01-31,96.57,-0.15622542595,0.0105952914822
1974-02-28,96.22,-0.156852436032,0.0107818294677
1974-03-31,93.98,-0.161491791577,0.0107630223777
1974-04-30,90.31,-0.152575771793,0.0106886622646
1974-05-31,87.28,-0.169552806851,0.0104839932434
1974-06-30,86.0,-0.186145547459,0.0104812169884
1974-07-31,79.31,-0.230074750024,0.0112213305738
1974-08-31,72.15,-0.307249159866,0.0118836702289
1974-09-30,63.54,-0.422626079055,0.0128488840274
1974-10-31,73.9,-0.278531680172,0.0142456158843
1974-11-30,69.97,-0.249973201844,0.0138124531553
1974-12-31,68.56,-0.283369917424,0.0136966010857
1975-01-31,76.98,-0.16570933131,0.0140027450153
1975-02-28,81.59,-0.178182917002,0.0141141969755
1975-03-31,83.36,-0.0944052145573,0.0142743440155
1975-04-30,87.3,-0.0348258706468,0.0142807910607
1975-05-31,91.15,-0.00164293537788,0.0142223377291
1975-06-30,95.19,0.149498852796,0.013708678035
1975-07-31,88.75,0.163171690695,0.013344917506
1975-08-31,86.88,0.311792239167,0.0125719403214
1975-09-30,83.87,0.173992161254,0.0113473364561
1975-10-31,89.04,0.23821443471,0.0106992271876
1975-11-30,91.24,0.360369762934,0.00996939855122
1975-12-31,90.19,0.251769604441,0.00963467892585
1976-01-31,100.86,0.23754601227,0.00934246979966
1976-02-29,99.71,0.176380368098,0.00916385770874
1976-03-31,102.77,0.17787965616,0.00877060767238
1976-04-30,101.64,0.12396328652,0.00854928071621
1976-05-31,100.18,0.0953422261098,0.00844943343912
1976-06-30,104.28,0.113745594361,0.00837078560996
1976-07-31,103.44,0.197776748495,0.00815847368764
1976-08-31,102.91,0.249362632026,0.00767219286985
1976-09-30,105.24,0.177576367909,0.00713574890537
1976-10-31,102.9,0.13114213477,0.00716883535696
1976-11-30,102.1,0.159041888977,0.00712736607673
1976-12-31,107.46,0.107835051546,0.00683300367181
1977-01-31,102.03,0.0300858152448,0.00664265481492
1977-02-28,99.82,0.000200400801603,0.00633549952479
1977-03-31,98.42,-0.0223502533029,0.00614354872305
1977-04-30,98.44,-0.0286165383856,0.00620373606374
1977-05-31,96.12,-0.0526315789474,0.00605953997461
1977-06-30,100.48,-0.0401222774169,0.00597015391257
1977-07-31,98.85,-0.0515256188831,0.00608055888603
1977-08-31,96.77,-0.0717505995204,0.00601326157303
1977-09-30,96.53,-0.0431205392546,0.00569018931783
1977-10-31,92.34,-0.0756756756757,0.00549948904231
1977-11-30,94.83,-0.098059729884,0.00578030539599
1977-12-31,95.1,-0.0856648399192,0.00570417574312
1978-01-31,89.25,-0.114055985706,0.0058689366593
1978-02-28,87.04,-0.141786629856,0.00594708243442
1978-03-31,89.21,-0.116732673267,0.00588430847565
1978-04-30,96.83,-0.0192444039299,0.00625400699418
1978-05-31,97.29,-0.0257360304426,0.00633600111934
1978-06-30,95.53,-0.0536899455176,0.00653067668403
1978-07-31,100.68,0.025463434508,0.00657510802674
1978-08-31,103.29,0.0705845771144,0.0067086413695
1978-09-30,102.54,0.0959811885421,0.00684007267799
1978-10-31,93.15,-0.0289794641926,0.00706385801642
1978-11-30,94.7,0.0122928915019,0.00773265907216
1978-12-31,96.11,0.0746952924075,0.00794353535802
1979-01-31,99.93,0.124957784532,0.0080184222438
1979-02-28,96.28,0.0803411131059,0.00808503080175
1979-03-31,101.59,0.0755955532028,0.00793244575828
1979-04-30,101.76,0.0303766707169,0.0077683703705
1979-05-31,99.08,0.00752491356518,0.00772494250829
1979-06-30,102.91,0.052464716711,0.00764643792271
1979-07-31,103.81,-0.000385170919595,0.00753491263829
1979-08-31,109.32,0.0591996899525,0.00739908975266
1979-09-30,109.32,0.0445251289891,0.00758551057695
1979-10-31,101.82,0.0982634020063,0.0070892236899
1979-11-30,106.16,0.113605370817,0.00715208818567
1979-12-31,107.94,0.0852604061934,0.00680880316305
1980-01-31,114.16,0.156284817178,0.00712353358507
1980-02-29,113.66,0.128811202701,0.00743613300263
1980-03-31,102.09,0.00839589095219,0.0084255471892
1980-04-30,106.29,0.0799634220687,0.00891926863362
1980-05-31,111.24,0.0896267998825,0.00908580910061
1980-06-30,114.24,0.121869782972,0.0092296314949
1980-07-31,121.67,0.125636044037,0.00939453442163
1980-08-31,122.38,0.124402793091,0.00961950239179
1980-09-30,125.46,0.215815485997,0.00968730987282
1980-10-31,127.47,0.228153001253,0.00973354519401
1980-11-30,140.52,0.305098913346,0.010052708894
1980-12-31,135.76,0.22251238181,0.0103932494685
1981-01-31,129.55,0.10992117889,0.0104299364763
1981-02-28,131.27,0.242851732626,0.0101857324627
1981-03-31,136.0,0.32514859203,0.00970631860763
1981-04-30,132.81,0.24295741694,0.009407290404
1981-05-31,132.59,0.147766620499,0.00931728773793
1981-06-30,131.21,0.0998323554065,0.00918947432149
1981-07-31,130.92,0.0452694610778,0.00918006784555
1981-08-31,122.79,-0.022917164001,0.00920532666537
1981-09-30,116.18,-0.119981820936,0.00918499250716
1981-10-31,121.89,-0.111265038279,0.00896374334984
1981-11-30,126.35,-0.0239474700657,0.00870726642498
1981-12-31,122.55,-0.0906729984418,0.0084868531126
1982-01-31,120.4,-0.0518191841235,0.00879425629676
1982-02-28,113.11,-0.15025167155,0.00884888464778
1982-03-31,111.96,-0.165536259969,0.00888870228577
1982-04-30,116.44,-0.119013391844,0.00895024402717
1982-05-31,111.88,-0.162637527131,0.00897882189505
1982-06-30,109.61,-0.159045573116,0.00909944773241
1982-07-31,107.09,-0.191712582082,0.00905404517976
1982-08-31,119.51,0.0053840329772,0.00988250628581
1982-09-30,120.42,0.00593099991646,0.00976801663445
1982-10-31,133.71,0.098956192981,0.0107267200783
1982-11-30,138.54,0.126433043337,0.01147790366
1982-12-31,140.64,0.199795256782,0.0116148875384
1983-01-31,145.3,0.278036766646,0.011682812035
1983-02-28,148.06,0.354868228404,0.0117118622337
1983-03-31,152.96,0.310711225364,0.0117795088107
1983-04-30,164.42,0.408791020478,0.0117795650217
1983-05-31,162.39,0.491595480849,0.0117367100239
1983-06-30,168.11,0.518197417141,0.011757525718
1983-07-31,162.56,0.561725429916,0.0118506939564
1983-08-31,164.4,0.341493268054,0.0109853279814
1983-09-30,166.07,0.214583485702,0.0102704209392
1983-10-31,163.55,0.20772411756,0.00932711089339
1983-11-30,166.4,0.229859571323,0.00871407612029
1983-12-31,164.93,0.124190580056,0.00820201048556
1984-01-31,163.41,0.101888064734,0.00771404381385
1984-02-29,157.06,0.0484646194927,0.00773508257207
1984-03-31,159.18,-0.00350569675723,0.00781146215359
1984-04-30,160.05,-0.0205018359853,0.00771288237707
1984-05-31,150.55,-0.109908951165,0.00759300779295
1984-06-30,153.18,-0.0656907593779,0.00768282523811
1984-07-31,150.66,-0.0780246006976,0.00729567958858
1984-08-31,166.68,-0.00560792268226,0.00779687052352
1984-09-30,166.1,-0.0221358766043,0.00777916145398
1984-10-31,166.09,6.021194605e-05,0.00784434770796
1984-11-30,163.58,0.00732803744073,0.0079599645441
1984-12-31,167.24,-0.00351546207472,0.0080749248403
1985-01-31,179.63,0.150515595978,0.00810996940867
1985-02-28,181.18,0.151006924592,0.00791511167027
1985-03-31,180.66,0.148433030322,0.00775684680766
1985-04-30,179.83,0.138164556962,0.00765622617914
1985-05-31,189.55,0.271891565457,0.00746663779522
1985-06-30,191.85,0.265501319261,0.00734215786688
1985-07-31,190.92,0.172727272727,0.00668026895022
1985-08-31,188.63,0.11701308699,0.0065305695209
1985-09-30,182.08,0.0983893346203,0.00660165407138
1985-10-31,189.82,0.144252215323,0.00646173801261
1985-11-30,202.17,0.242670108796,0.00646524171113
1985-12-31,211.28,0.234184239734,0.00628279038435
1986-01-31,211.78,0.166189427313,0.0065000817736
1986-02-28,226.92,0.285447232765,0.00659366031497
1986-03-31,238.9,0.320473137298,0.0068273361384
1986-04-30,235.52,0.276254470575,0.00737683292066
1986-05-31,247.35,0.322020309995,0.00750223841748
1986-06-30,250.84,0.288208709942,0.00778616713358
1986-07-31,236.12,0.260920645092,0.00821531959034
1986-08-31,252.93,0.383038057743,0.0083367309794
1986-09-30,231.32,0.243121238177,0.00910962446937
1986-10-31,243.98,0.231538034425,0.00912072052844
1986-11-30,249.22,0.187101076498,0.00929045769676
1986-12-31,242.17,0.157766410097,0.00918449746187
1987-01-31,274.08,0.247178740444,0.00947123687768
1987-02-28,284.2,0.20143732826,0.0094588799292
1987-03-31,291.7,0.20427710346,0.00940159127377
1987-04-30,288.36,0.230047348889,0.0100315560512
1987-05-31,290.1,0.180564033696,0.0101444528697
1987-06-30,304.0,0.293561976086,0.00985082390881
1987-07-31,318.66,0.289338458426,0.00977629766351
1987-08-31,329.8,0.423269463145,0.00917863817464
1987-09-30,321.83,0.34769681742,0.00952805416465
1987-10-31,251.79,0.0298159509202,0.0195716038642
1987-11-30,230.3,-0.0721566415535,0.0200648080817
1987-12-31,247.08,-0.0721045515998,0.0205727273792
1988-01-31,257.07,-0.0809081158384,0.0212853370965
1988-02-29,267.82,-0.0708115047011,0.0213662054153
1988-03-31,258.89,-0.0976612875118,0.0211331507153
1988-04-30,261.33,-0.0908047176704,0.0212099538004
1988-05-31,262.16,-0.139782123638,0.0212538189178
1988-06-30,273.5,-0.130614450555,0.0214093241549
1988-07-31,272.02,-0.18554447738,0.0214705762805
1988-08-31,261.52,-0.169593242943,0.0213799115524
1988-09-30,271.91,-0.038167668907,0.0208264565761
1988-10-31,278.97,0.130531690712,0.0124304340242
1988-11-30,273.7,0.103273137698,0.0112864966949
1988-12-31,277.72,0.102588534223,0.00959314250844
1989-01-31,297.47,0.147602330157,0.0091176646898
1989-02-28,288.86,0.0854093863901,0.00905046865742
1989-03-31,294.87,0.135119528814,0.00835285181563
1989-04-30,309.64,0.205857153984,0.00829919794304
1989-05-31,320.52,0.167862998725,0.0078065739745
1989-06-30,317.98,0.175483346272,0.00766417172681
1989-07-31,346.08,0.337817464919,0.00733990590155
1989-08-31,351.45,0.298540550527,0.00730912417968
1989-09-30,349.15,0.267332123412,0.00720230496768
1989-10-31,340.36,0.268390847432,0.00827407004296
1989-11-30,345.99,0.26144815517,0.00824522532493
1989-12-31,353.4,0.243753079468,0.0083128687623
1990-01-31,329.08,0.118406742795,0.0087840131752
1990-02-28,331.89,0.118717767216,0.00876372798649
1990-03-31,339.94,0.12667373724,0.00868904666921
1990-04-30,330.8,0.0463056680162,0.00867040596277
1990-05-31,361.23,0.128561609598,0.00874078447937
1990-06-30,358.02,0.0769462158585,0.0088009036876
1990-07-31,356.15,0.0331873168751,0.00881280204865
1990-08-31,322.56,-0.0697084186543,0.00983771645946
1990-09-30,306.05,-0.0826389305198,0.00935128272662
1990-10-31,304.0,-0.107300170318,0.00984178374467
1990-11-30,322.22,-0.0795292235617,0.0102249399842
1990-12-31,330.22,-0.0309024211299,0.00996539999855
1991-01-31,343.93,0.0269939383081,0.0102424495444
1991-02-28,367.07,0.0857810512616,0.0105125455352
1991-03-31,375.22,0.0896788058314,0.0106083960338
1991-04-30,375.35,0.0594727334312,0.0107315081907
1991-05-31,389.83,0.0741781708964,0.0108132698069
1991-06-30,371.16,0.00598997154086,0.0107788305172
1991-07-31,387.81,0.140416397106,0.0105033438597
1991-08-31,395.43,0.244390596973,0.00997528065683
1991-09-30,387.86,0.279095076345,0.00917175270099
1991-10-31,392.46,0.237966058924,0.00859367023499
1991-11-30,375.22,0.148093751912,0.0088428894347
1991-12-31,417.09,0.31919536958,0.00895698096391
1992-01-31,408.79,0.107651872324,0.00824089769704
1992-02-29,412.7,0.104686956289,0.0081577407832
1992-03-31,403.69,0.033909591497,0.00772684790124
1992-04-30,414.95,0.11488755743,0.00771064241666
1992-05-31,415.35,0.086478851134,0.00763568509658
1992-06-30,408.14,0.0707277401752,0.00747465324885
1992-07-31,424.21,0.100186731677,0.00749775808792
1992-08-31,414.03,0.0740077821012,0.00703417420892
1992-09-30,417.8,0.0636456211813,0.00704146322242
1992-10-31,418.68,0.0942449427631,0.00673662530872
1992-11-30,431.35,0.121963273162,0.00657676970548
1992-12-31,435.71,0.0402282385523,0.00613702390433
1993-01-31,438.78,0.0637606671839,0.00595200944879
1993-02-28,443.38,0.092499507195,0.00606200449429
1993-03-31,451.67,0.0850148938215,0.00588357148377
1993-04-30,440.19,0.0733985222756,0.00599320760184
1993-05-31,450.19,0.0972482877964,0.00605726077495
1993-06-30,450.53,0.0790103942137,0.00593450533997
1993-07-31,448.13,0.0672048772356,0.0059559965416
1993-08-31,463.56,0.103924557058,0.00576198089784
1993-09-30,458.93,0.120434570313,0.00554887053561
1993-10-31,467.83,0.10747342755,0.00547595180048
1993-11-30,461.79,0.0675497607324,0.00556878961663
1993-12-31,466.45,0.0677822543723,0.00546813500845
1994-01-31,481.61,0.111493191784,0.00521484547627
1994-02-28,467.14,0.0349380774088,0.00524695977805
1994-03-31,445.77,-0.00377687391052,0.00523115596293
1994-04-30,450.91,0.0258212758213,0.00554102264021
1994-05-31,456.5,0.0229233423712,0.00552158456799
1994-06-30,444.27,-0.0033202467751,0.00552307675005
1994-07-31,458.26,0.0180388323633,0.00554913061804
1994-08-31,475.49,0.0349563589665,0.00559995688678
1994-09-30,462.69,-0.0145047923323,0.00572520161436
1994-10-31,472.35,0.0185444743935,0.0059526470229
1994-11-30,453.69,-0.017646804088,0.00614745566872
1994-12-31,459.27,-0.0329325556421,0.00625215332028
1995-01-31,470.42,0.00040405758884,0.00605969848196
1995-02-28,487.39,0.0427908170907,0.00603326510288
1995-03-31,500.71,0.122215249451,0.00562127772692
1995-04-30,514.71,0.158891340568,0.00534905711121
1995-05-31,533.4,0.158029569484,0.00556983762168
1995-06-30,544.75,0.196674135583,0.00549308991306
1995-07-31,562.06,0.218611105089,0.00564945911486
1995-08-31,561.88,0.192470128823,0.00543315211628
1995-09-30,584.41,0.245811127691,0.00516999993321
1995-10-31,581.5,0.250456959766,0.00499584960516
1995-11-30,605.37,0.32949005139,0.00473977396247
1995-12-31,615.93,0.312220375815,0.00496825647158
1996-01-31,636.02,0.312626408552,0.00537413610712
1996-02-29,640.43,0.292727236027,0.00565193874055
1996-03-31,645.5,0.275364036908,0.00617634473557
1996-04-30,654.17,0.23851265643,0.00640878859497
1996-05-31,669.12,0.239501324491,0.00641953765628
1996-06-30,670.63,0.191764998578,0.00631692327203
1996-07-31,639.95,0.142829080129,0.00689939896209
1996-08-31,651.99,0.118777562332,0.00714866446937
1996-09-30,687.31,0.178858720821,0.00724450019083
1996-10-31,705.27,0.180684367362,0.00721808210115
1996-11-30,757.02,0.22825064088,0.00725210498933
1996-12-31,740.74,0.22159737454,0.00733857702195
1997-01-31,786.16,0.213247322448,0.00746093309718
1997-02-28,790.82,0.232901485743,0.00726968695047
1997-03-31,757.12,0.178415228253,0.00749873708825
1997-04-30,801.34,0.204261969884,0.00804887363005
1997-05-31,848.28,0.273980626267,0.0083843871812
1997-06-30,885.14,0.408628674189,0.00838747234505
1997-07-31,954.29,0.440916228785,0.00847814421706
1997-08-31,899.47,0.315053071727,0.00888796504273
1997-09-30,947.28,0.34830693027,0.00937323842957
1997-10-31,914.62,0.239960955506,0.0111632970017
1997-11-30,955.4,0.31120992534,0.0114538702789
1997-12-31,970.43,0.260708022085,0.0115802283673
1998-01-31,980.28,0.207509053731,0.0117575399146
1998-02-28,1049.34,0.329018693956,0.0116370986218
1998-03-31,1101.75,0.459812910748,0.0113337974889
1998-04-30,1111.75,0.329780871729,0.0111374996495
1998-05-31,1090.82,0.234685561643,0.0110990971226
1998-06-30,1133.84,0.224766678189,0.0111004214597
1998-07-31,1120.67,0.211836456632,0.0111567159624
1998-08-31,957.28,0.0407819346141,0.0122737734162
1998-09-30,1017.01,0.048161355485,0.0136180343747
1998-10-31,1098.67,0.198557807693,0.0127769117355
1998-11-30,1163.63,0.220518360797,0.0127404365106
1998-12-31,1229.23,0.292932799007,0.0127875763456
1999-01-31,1279.64,0.249477610483,0.0130785014552
1999-02-28,1238.33,0.15740429191,0.0134669156063
1999-03-31,1286.37,0.14924239717,0.0138303848139
1999-04-30,1335.18,0.194930953936,0.0139773431428
1999-05-31,1301.84,0.184740271559,0.014242305308
1999-06-30,1372.71,0.168452771086,0.014329884624
1999-07-31,1328.72,0.236122093943,0.0140173837516
1999-08-31,1320.41,0.272463572585,0.0122470452419
1999-09-30,1282.71,0.275655624397,0.0116500655328
1999-10-31,1362.93,0.219416832932,0.0119910640154
1999-11-30,1388.91,0.217060988433,0.0116705562584
1999-12-31,1469.25,0.181772115245,0.0112305684597
2000-01-31,1394.46,0.122871153986,0.0115761412533
2000-02-29,1366.42,0.0459590624474,0.0116941546741
2000-03-31,1498.58,0.162158389428,0.0121924520336
2000-04-30,1452.43,0.08568545373,0.0130742282474
2000-05-31,1420.6,0.067791132057,0.0134154502183
2000-06-30,1454.6,0.0333534614428,0.0135746510171
2000-07-31,1430.83,0.0751895519136,0.0135022639789
2000-08-31,1517.68,0.136481406599,0.0132023515497
2000-09-30,1436.51,0.151594102981,0.0128797230043
2000-10-31,1429.4,0.00657009865711,0.0132592636619
2000-11-30,1314.95,-0.0731825934958,0.0135577741198
2000-12-31,1320.28,-0.0988772480633,0.0138623504671
2001-01-31,1366.01,-0.0257052173603,0.0140529097538
2001-02-28,1239.94,-0.0877092300335,0.0138203937079
2001-03-31,1160.33,-0.19450055883,0.0140538547881
2001-04-30,1249.46,-0.120693052584,0.013868033609
2001-05-31,1255.82,-0.146014389272,0.0135690212741
2001-06-30,1224.42,-0.189115087617,0.0135056860603
2001-07-31,1211.23,-0.18794416584,0.0136576164601
2001-08-31,1133.58,-0.226652840409,0.0138614609988
2001-09-30,1040.94,-0.261215480592,0.0146539339887
2001-10-31,1059.78,-0.247998978202,0.0143441727863
2001-11-30,1139.45,-0.168217886108,0.0139173380879
2001-12-31,1148.08,-0.117404674047,0.0131140908828
2002-01-31,1130.2,-0.151838982987,0.0132489169846
2002-02-28,1106.73,-0.124934769202,0.0132986881782
2002-03-31,1147.39,-0.00351733481554,0.0119660464658
2002-04-30,1076.92,-0.146114811291,0.0115137599366
2002-05-31,1067.14,-0.156384391601,0.0118225954432
2002-06-30,989.81,-0.174318890872,0.0121267456717
2002-07-31,911.62,-0.229744915634,0.014132267587
2002-08-31,916.07,-0.161522690245,0.0151166796226
2002-09-30,815.28,-0.253167223927,0.0150401471474
2002-10-31,885.76,-0.223841361362,0.0161769836482
2002-11-30,936.31,-0.163545891476,0.0164802424786
2002-12-31,879.82,-0.232396025092,0.0166812334566
2003-01-31,855.7,-0.233573373459,0.016943581423
2003-02-28,841.15,-0.270493651565,0.016924374543
2003-03-31,848.18,-0.230710625368,0.0174707248426
2003-04-30,916.92,-0.16437007874,0.0173077461017
2003-05-31,963.59,-0.0455346883791,0.0173014036579
2003-06-30,974.5,0.061627792969,0.016748079642
2003-07-31,990.31,0.0768687066397,0.0146258711101
2003-08-31,1008.01,0.132837347299,0.0139315964973
2003-09-30,995.97,0.183649458072,0.0124902700181
2003-10-31,1050.71,0.161942782576,0.0115626441153
2003-11-30,1058.2,0.173704233632,0.0111127979958
2003-12-31,1111.92,0.210951623794,0.0105093839514
2004-01-31,1131.13,0.383865324149,0.00996154486392
2004-02-29,1144.94,0.376295227792,0.00915209858371
2004-03-31,1126.21,0.264253881299,0.00844298589162
2004-04-30,1107.3,0.169678980004,0.00818235221464
2004-05-31,1120.68,0.13359160842,0.00789721529668
2004-06-30,1140.84,0.14036104836,0.00750839564677
2004-07-31,1101.72,0.119600012195,0.00725409664934
2004-08-31,1104.24,0.0881248706654,0.00740420935746
2004-09-30,1114.58,0.0620307199756,0.00703552603372
2004-10-31,1130.2,0.0676768440145,0.00710995189024
2004-11-30,1173.82,0.0927998212524,0.007036099364
2004-12-31,1211.92,0.0705534207853,0.0070187911573
2005-01-31,1181.27,0.0309475392953,0.00696288160739
2005-02-28,1203.6,0.0740962188886,0.00690296223121
2005-03-31,1180.59,0.0464646285578,0.00669403002034
2005-04-30,1156.85,0.0550964941082,0.00685313349477
2005-05-31,1191.5,0.0525525392885,0.00678808502212
2005-06-30,1191.33,0.081660447253,0.00679656481986
2005-07-31,1234.18,0.159072126221,0.00656206274262
2005-08-31,1220.33,0.0861860258122,0.00652887130501
2005-09-30,1228.81,0.108834145461,0.00641127450683
2005-10-31,1207.01,0.0195977395021,0.0066259516859
2005-11-30,1249.48,0.0362936668547,0.00654581235012
2005-12-31,1248.29,0.0538361530409,0.00648077566014
2006-01-31,1280.08,0.0613029996518,0.00655305053176
2006-02-28,1280.66,0.0611768020351,0.00648671992929
2006-03-31,1294.83,0.133211391364,0.0062439121078
2006-04-30,1310.61,0.130459908915,0.00591879986403
2006-05-31,1270.09,0.0549708865281,0.00620106105894
2006-06-30,1270.2,0.0344322105675,0.00665327176889
2006-07-31,1276.66,0.0376059623371,0.00691153163917
2006-08-31,1303.82,0.0619761673984,0.00683531813583
2006-09-30,1335.85,0.135116073553,0.00673521687999
2006-10-31,1377.94,0.116862274673,0.00637641610133
2006-11-30,1400.63,0.10048399516,0.00639518222445
2006-12-31,1418.3,0.101498124432,0.00630511766358
2007-01-31,1438.24,0.138875251413,0.00617417779214
2007-02-28,1406.82,0.0955432861159,0.00647869844579
2007-03-31,1420.86,0.103049405335,0.00679490422265
2007-04-30,1482.37,0.135115474148,0.00674395513206
2007-05-31,1530.62,0.250823329438,0.00634928591329
2007-06-30,1503.35,0.210144169236,0.00626852902903
2007-07-31,1455.27,0.148830857161,0.00671138476692
2007-08-31,1473.99,0.119814932993,0.00799004055339
2007-09-30,1526.75,0.130967813623,0.00835872499458
2007-10-31,1549.38,0.119154591815,0.00864962515742
2007-11-30,1481.14,0.0480678738475,0.00981712167401
2007-12-31,1468.36,0.0254626719743,0.0102338866009
2008-01-31,1378.55,-0.052738267024,0.0110677838272
2008-02-29,1330.63,-0.0442798862298,0.0112466025309
2008-03-31,1322.7,-0.0895825446536,0.0122240099913
2008-04-30,1385.59,-0.0770055755767,0.0125838213116
2008-05-31,1400.38,-0.0804940346822,0.0126486358166
2008-06-30,1280.0,-0.173937735557,0.0129775717734
2008-07-31,1267.38,-0.0990403071017,0.012958405437
2008-08-31,1282.83,-0.135704901465,0.0130340760792
2008-09-30,1166.36,-0.246882889631,0.0161636960167
2008-10-31,968.75,-0.33242600696,0.0219886624361
2008-11-30,896.24,-0.397854085904,0.0248397561609
2008-12-31,903.25,-0.342229828139,0.0262180458631
2009-01-31,825.88,-0.387720000593,0.0267988941438
2009-02-28,735.09,-0.44120017028,0.0272566272839
2009-03-31,797.87,-0.402089281566,0.0283586760511
2009-04-30,872.81,-0.38039697301,0.0287742517268
2009-05-31,919.14,-0.31400807541,0.0290717411734
2009-06-30,919.32,-0.243301972986,0.0291010640616
2009-07-31,987.48,-0.236246355178,0.0290186362724
2009-08-31,1020.62,-0.144277689276,0.0287261041537
2009-09-30,1057.08,0.0591877836895,0.0254268124118
2009-10-31,1036.19,0.137058455596,0.0215316683745
2009-11-30,1095.63,0.245416207245,0.0179714053579
2009-12-31,1115.1,0.321615663593,0.0170314338052
2010-01-31,1073.87,0.285779283756,0.0158191083933
2010-02-28,1104.49,0.471201747609,0.0137748493168
2010-03-31,1169.43,0.372473769453,0.011639922142
2010-04-30,1186.69,0.328776019797,0.0106687797058
2010-05-31,1089.41,0.151340611492,0.0115054980129
2010-06-30,1030.71,0.105105716859,0.0115783974005
2010-07-31,1101.6,0.0877529055128,0.0118609821607
2010-08-31,1049.33,-0.00313500470251,0.0119204162253
2010-09-30,1141.2,0.045035805205,0.0119085070643
2010-10-31,1183.26,0.0883153673522,0.0114879187674
2010-11-30,1180.55,0.0596350450135,0.0115488366528
2010-12-31,1257.64,0.10704822936,0.0115050368627
2011-01-31,1286.12,0.174678272306,0.0110106996526
2011-02-28,1327.22,0.153592754518,0.0110889477995
2011-03-31,1325.83,0.112152198166,0.0113687430941
2011-04-30,1363.61,0.200699140603,0.010345318641
2011-05-31,1345.2,0.206208584776,0.00896546435029
2011-06-30,1320.64,0.240177296972,0.00857536051489
2011-07-31,1292.28,0.197387074357,0.00841166684109
2011-08-31,1218.89,0.0837853217861,0.0118177277303
2011-09-30,1131.42,-0.0380635781634,0.0127400408422
2011-10-31,1253.3,0.0463786265915,0.0137180897452
2011-11-30,1246.96,0.00949620718409,0.0145878211993
2011-12-31,1257.6,-0.0275586898024,0.0149185579181
2012-01-31,1312.41,-0.0149438573316,0.0148768756066
2012-02-29,1365.68,0.0653810448797,0.014681159674
2012-03-31,1408.47,0.0714709551776,0.0146822963455
2012-04-30,1397.91,0.0449554108703,0.0147763116011
2012-05-31,1310.33,0.0354901929794,0.0147145140675
2012-06-30,1362.16,0.0349658850882,0.0149667709734
2012-07-31,1379.32,0.145148569104,0.0129086800756
2012-08-31,1406.58,0.156717461205,0.0116655834228
2012-09-30,1440.67,0.196907764651,0.0105250876226
2012-10-31,1412.16,0.117347786525,0.00915767491003
2012-11-30,1416.18,0.155376795869,0.00831527555299
2012-12-31,1426.19,0.100879969124,0.00809373099124
2013-01-31,1498.11,0.108258061652,0.00814441890392
2013-02-28,1514.68,0.104726896119,0.00828666318587
2013-03-31,1569.19,0.155013653862,0.00806880471286
2013-04-30,1597.57,0.176422506793,0.00812025821362
2013-05-31,1630.74,0.231509311423,0.00768521878904
2013-06-30,1606.28,0.19742070148,0.00772955952549
2013-07-31,1685.73,0.199065347436,0.00737510205832
2013-08-31,1632.97,0.13672244807,0.00745035173513
2013-09-30,1681.55,0.173807728821,0.00739601535803
2013-10-31,1756.54,0.295870865886,0.00721476151763
2013-11-30,1805.81,0.27218993272,0.00717025459739
2013-12-31,1848.36,0.25538938017,0.00690708138899
2014-01-31,1782.59,0.171692805216,0.00716889139505
2014-02-28,1859.45,0.189492269212,0.00722052194683
2014-03-31,1872.34,0.206124867943,0.00710867270703
2014-04-30,1883.95,0.141552649757,0.00717484350475
2014-05-31,1923.57,0.175517612261,0.00690622863551
2014-06-30,1960.23,0.165069836553,0.00644699418817
2014-07-31,1930.67,0.145533081364,0.00663845788112
2014-08-31,2003.37,0.186837599749,0.00649820740662
2014-09-30,1972.29,0.153291543382,0.00632080469879
2014-10-31,2018.05,0.127011872983,0.00694224515145
2014-11-30,2067.56,0.164494508589,0.00683503355451
2014-12-31,2058.9,0.113894329088,0.00718643259551
2015-01-31,1994.99,0.0902597509058,0.00727150442202
2015-02-28,2104.5,0.139822567891,0.00731074886723
2015-03-31,2067.89,0.129617996187,0.00738311100234
2015-04-30,2085.51,0.104303347048,0.00739842297221
2015-05-31,2107.39,0.0918496873235,0.00752266371095
2015-06-30,2063.11,0.0455231898159,0.00771868133816
2015-07-31,2103.84,0.0760339201506,0.00772174088481
2015-08-31,1972.18,-0.00602279084536,0.00910013235356
2015-09-30,1920.03,0.0225435373063,0.00949967167897
2015-10-31,2079.36,0.0196289957976,0.009560147142
2015-11-30,2080.41,0.0389945713244,0.00962910687007
2015-12-31,2043.94,0.0257292978767,0.00972104047188
2016-01-31,1940.24,-0.0709798513752,0.0102324263075
2016-02-29,1932.23,-0.0590094477452,0.0105809515517
2016-03-31,2059.74,-0.0222582987995,0.0106131836208
2016-04-30,2065.3,-0.0263071048041,0.0105719044675
2016-05-31,2096.96,0.00601123568554,0.010649193274
2016-06-30,2098.86,-0.0119710585654,0.0109220694382
2016-07-31,2173.6,0.0432996222503,0.0108645177403
2016-08-31,2170.95,0.0880264219595,0.00925233323972
2016-09-30,2168.27,0.0713537497653,0.00907438159075
2016-10-31,2126.15,0.0509678503638,0.00887875092774
2016-11-30,2198.81,0.0760493488825,0.00861201741209
2016-12-31,2238.83,0.190658022794,0.00774675671572
2017-01-31,2278.87,0.20220196457,0.00684088189032
2017-02-28,2363.64,0.170327385079,0.00632270842055
2017-03-31,2362.72,0.13552455148,0.00624119141425
2017-04-30,2384.2,0.155074099733,0.0061545445887
2017-05-31,2411.8,0.162134032342,0.00605908650453
2017-06-30,2423.41,0.121046009233,0.005105257841
2017-07-31,2470.3,0.131063849271,0.00511178030661
2017-08-31,2471.65,0.151071598223,0.00488023082383
2017-09-30,2519.36,0.18138378936,0.00464949105676
2017-10-31,2572.83,0.188676107094,0.00434924624948
