count,date
630,2010-11-06
49503,2010-11-07
11548,2010-11-08
17906,2010-11-09
69819,2010-11-10
922,2010-11-11
945,2010-11-12
2125,2010-11-15
1307,2010-11-16
5469,2010-11-17
2708,2010-11-18
5709,2010-11-19
4497,2010-11-20
1682,2010-11-22
1041,2010-11-23
6669,2010-11-24
729,2010-11-25
2367,2010-11-26
1285,2010-11-27
203,2010-11-28
1054,2010-11-29
4708,2010-11-30
6798,2010-12-01
8189,2010-12-02
7136,2010-12-03
1718,2010-12-04
1086,2010-12-05
10311,2010-12-06
8826,2010-12-07
8099,2010-12-08
3574,2010-12-09
6474,2010-12-10
219,2010-12-11
919,2010-12-12
2981,2010-12-13
10063,2010-12-14
4531,2010-12-15
8727,2010-12-16
9321,2010-12-17
5242,2010-12-18
409,2010-12-19
8879,2010-12-20
1318,2010-12-21
9130,2010-12-22
3016,2010-12-23
2182,2010-12-24
4988,2010-12-27
3146,2010-12-28
2946,2010-12-29
3183,2010-12-30
857,2010-12-31
6488,2011-01-03
3108,2011-01-04
18769,2011-01-05
6858,2011-01-06
3058,2011-01-07
7807,2011-01-08
2135,2011-01-09
6756,2011-01-10
4970,2011-01-11
4854,2011-01-12
1904,2011-01-13
5629,2011-01-14
3738,2011-01-15
7116,2011-01-17
5875,2011-01-18
1947,2011-01-19
8700,2011-01-20
7337,2011-01-21
371,2011-01-22
3959,2011-01-24
4529,2011-01-25
2023,2011-01-26
2304,2011-01-27
1717,2011-01-28
1977,2011-01-29
64,2011-01-30
350,2011-01-31
764,2011-02-01
527,2011-02-10
848,2011-02-11
172,2011-02-12
3165,2011-02-14
2837,2011-02-15
3127,2011-02-16
843,2011-02-17
1011,2011-02-18
118,2011-02-19
388,2011-02-20
4572,2011-02-21
3355,2011-02-22
1995,2011-02-23
4075,2011-02-24
4397,2011-02-25
4505,2011-02-26
3056,2011-02-27
16104,2011-02-28
3541,2011-03-01
3091,2011-03-02
5643,2011-03-03
2605,2011-03-04
958,2011-03-05
2053,2011-03-06
3210,2011-03-07
2346,2011-03-08
4211,2011-03-09
4015,2011-03-10
10784,2011-03-11
572,2011-03-12
495,2011-03-13
5006,2011-03-14
3250,2011-03-15
1528,2011-03-16
2101,2011-03-17
1847,2011-03-18
3542,2011-03-19
6844,2011-03-20
3121,2011-03-21
5606,2011-03-22
4926,2011-03-23
6832,2011-03-24
6450,2011-03-25
4510,2011-03-26
4525,2011-03-27
4234,2011-03-28
14997,2011-03-29
6440,2011-03-30
6154,2011-03-31
9646,2011-04-01
4086,2011-04-02
437,2011-04-03
4558,2011-04-04
5545,2011-04-05
8189,2011-04-06
4691,2011-04-07
8053,2011-04-08
1366,2011-04-09
182,2011-04-10
5280,2011-04-11
7964,2011-04-12
6581,2011-04-13
4498,2011-04-14
10087,2011-04-15
9642,2011-04-16
2736,2011-04-17
7383,2011-04-18
7108,2011-04-19
7423,2011-04-20
7689,2011-04-21
2728,2011-04-22
1365,2011-04-23
1856,2011-04-24
1846,2011-04-25
7493,2011-04-26
7640,2011-04-27
5287,2011-04-28
2695,2011-04-29
1033,2011-04-30
288,2011-05-01
1849,2011-05-02
1890,2011-05-03
1290,2011-05-04
3131,2011-05-05
4570,2011-05-06
2278,2011-05-07
1121,2011-05-08
3574,2011-05-09
12095,2011-05-10
10018,2011-05-11
6451,2011-05-12
2612,2011-05-13
1939,2011-05-14
5257,2011-05-15
3726,2011-05-16
4055,2011-05-17
1908,2011-05-18
2815,2011-05-19
3220,2011-05-20
2912,2011-05-21
658,2011-05-22
4558,2011-05-23
6156,2011-05-24
3529,2011-05-25
2566,2011-05-26
4566,2011-05-27
1754,2011-05-28
2480,2011-05-29
2293,2011-05-30
8132,2011-05-31
3358,2011-06-01
4360,2011-06-03
3245,2011-06-04
234,2011-06-05
3154,2011-06-06
7245,2011-06-07
5985,2011-06-08
6700,2011-06-09
4386,2011-06-10
1455,2011-06-11
2129,2011-06-12
4512,2011-06-13
7082,2011-06-14
3821,2011-06-15
4646,2011-06-16
4802,2011-06-17
13092,2011-06-18
712,2011-06-19
4568,2011-06-20
7043,2011-06-21
5538,2011-06-22
5350,2011-06-23
4329,2011-06-24
4140,2011-06-25
2069,2011-06-26
6190,2011-06-27
4990,2011-06-28
5762,2011-06-29
7431,2011-06-30
5783,2011-07-01
5425,2011-07-02
1234,2011-07-03
2030,2011-07-04
5503,2011-07-05
8878,2011-07-06
3731,2011-07-07
7394,2011-07-08
3852,2011-07-09
1731,2011-07-10
5011,2011-07-11
5110,2011-07-12
13402,2011-07-13
9135,2011-07-14
12401,2011-07-15
3202,2011-07-16
2311,2011-07-17
8250,2011-07-18
7155,2011-07-19
9731,2011-07-20
17410,2011-07-21
7574,2011-07-22
4815,2011-07-23
841,2011-07-24
6416,2011-07-25
8310,2011-07-26
9156,2011-07-27
9187,2011-07-28
6782,2011-07-29
2000,2011-07-30
5760,2011-07-31
7740,2011-08-01
4726,2011-08-02
9124,2011-08-03
5824,2011-08-04
6447,2011-08-05
6080,2011-08-06
3952,2011-08-07
10012,2011-08-08
7984,2011-08-09
9800,2011-08-10
7233,2011-08-11
5552,2011-08-12
5179,2011-08-13
5204,2011-08-14
8054,2011-08-15
7204,2011-08-16
7351,2011-08-17
9412,2011-08-18
8101,2011-08-19
6060,2011-08-20
5616,2011-08-21
7638,2011-08-22
6793,2011-08-23
7326,2011-08-24
8124,2011-08-25
17810,2011-08-26
535,2011-08-27
839,2011-08-28
7489,2011-08-29
5157,2011-08-30
9048,2011-08-31
6393,2011-09-01
5645,2011-09-02
2728,2011-09-03
5485,2011-09-04
5949,2011-09-05
9139,2011-09-06
5764,2011-09-07
6932,2011-09-08
16266,2011-09-09
3962,2011-09-10
939,2011-09-11
5494,2011-09-12
6314,2011-09-13
5604,2011-09-14
6507,2011-09-15
9060,2011-09-16
4674,2011-09-17
5305,2011-09-18
7662,2011-09-19
7364,2011-09-20
13813,2011-09-21
10605,2011-09-22
5088,2011-09-23
8950,2011-09-24
11733,2011-09-25
8396,2011-09-26
6882,2011-09-27
7407,2011-09-28
8001,2011-09-29
9482,2011-09-30
5295,2011-10-01
3814,2011-10-02
4793,2011-10-03
2990,2011-10-04
3341,2011-10-05
3015,2011-10-06
2511,2011-10-07
1063,2011-10-08
3899,2011-10-10
5911,2011-10-11
9192,2011-10-12
5747,2011-10-13
11267,2011-10-14
5331,2011-10-15
7146,2011-10-16
6646,2011-10-17
10342,2011-10-18
7702,2011-10-19
19239,2011-10-20
7470,2011-10-21
5022,2011-10-22
2208,2011-10-23
4020,2011-10-24
4050,2011-10-25
4018,2011-10-26
4238,2011-10-27
1060,2011-10-28
2677,2011-10-29
500,2011-10-30
7572,2011-10-31
5444,2011-11-01
7743,2011-11-02
6844,2011-11-03
12182,2011-11-04
7090,2011-11-05
6796,2011-11-06
6567,2011-11-07
9622,2011-11-08
6902,2011-11-09
8992,2011-11-10
11299,2011-11-11
3036,2011-11-12
4519,2011-11-13
11642,2011-11-14
7927,2011-11-15
10186,2011-11-16
9651,2011-11-17
4278,2011-11-18
9985,2011-11-19
5483,2011-11-20
8967,2011-11-21
9121,2011-11-22
14620,2011-11-23
9946,2011-11-24
7882,2011-11-25
2998,2011-11-26
7846,2011-11-27
8430,2011-11-28
12687,2011-11-29
9012,2011-11-30
10903,2011-12-01
9676,2011-12-02
5450,2011-12-03
9883,2011-12-04
7674,2011-12-05
8867,2011-12-06
8163,2011-12-07
10941,2011-12-08
11696,2011-12-09
6517,2011-12-10
7105,2011-12-11
9766,2011-12-12
10236,2011-12-13
10265,2011-12-14
11264,2011-12-15
8540,2011-12-16
4854,2011-12-17
1393,2011-12-18
10753,2011-12-19
7199,2011-12-20
11481,2011-12-21
15435,2011-12-22
11043,2011-12-23
1054,2011-12-24
1499,2011-12-25
2658,2011-12-26
4645,2011-12-27
6735,2011-12-28
5451,2011-12-29
6423,2011-12-30
2940,2011-12-31
1993,2012-01-02
5091,2012-01-03
7971,2012-01-04
10493,2012-01-05
12201,2012-01-06
2091,2012-01-07
7258,2012-01-08
11087,2012-01-09
10288,2012-01-10
9468,2012-01-11
8298,2012-01-12
8753,2012-01-13
6414,2012-01-14
3524,2012-01-15
1548,2012-01-16
6292,2012-01-17
2919,2012-01-18
5232,2012-01-19
6774,2012-01-20
3802,2012-01-21
3360,2012-01-22
3752,2012-01-23
1612,2012-01-24
6071,2012-01-25
2017,2012-01-26
718,2012-01-27
501,2012-01-28
582,2012-01-29
12976,2012-01-30
5946,2012-01-31
8689,2012-02-01
12087,2012-02-02
7090,2012-02-03
3336,2012-02-04
5111,2012-02-05
5943,2012-02-06
4809,2012-02-07
6098,2012-02-08
7338,2012-02-09
8062,2012-02-10
4970,2012-02-11
5366,2012-02-12
8379,2012-02-13
5745,2012-02-14
6723,2012-02-15
5773,2012-02-16
9047,2012-02-17
1736,2012-02-18
2393,2012-02-19
3949,2012-02-20
5383,2012-02-21
8915,2012-02-22
8334,2012-02-23
7419,2012-02-24
9762,2012-02-25
1088,2012-02-26
21872,2012-02-27
9454,2012-02-28
13394,2012-02-29
11668,2012-03-01
8483,2012-03-02
2282,2012-03-03
5851,2012-03-04
7611,2012-03-05
6972,2012-03-06
8645,2012-03-07
11224,2012-03-08
9234,2012-03-09
5738,2012-03-10
5106,2012-03-11
14612,2012-03-12
7420,2012-03-13
18818,2012-03-14
17691,2012-03-15
8591,2012-03-16
3721,2012-03-17
3449,2012-03-18
8029,2012-03-19
9144,2012-03-20
8440,2012-03-21
7352,2012-03-22
4283,2012-03-23
1257,2012-03-24
2664,2012-03-25
7829,2012-03-26
6567,2012-03-27
5425,2012-03-28
6047,2012-03-29
13275,2012-03-30
5288,2012-03-31
19867,2012-04-01
5012,2012-04-02
9834,2012-04-03
23041,2012-04-04
8274,2012-04-05
8804,2012-04-06
4485,2012-04-07
4790,2012-04-08
4297,2012-04-09
8081,2012-04-10
12885,2012-04-11
15885,2012-04-12
15099,2012-04-13
7585,2012-04-14
7855,2012-04-15
9397,2012-04-16
10344,2012-04-17
10434,2012-04-18
11701,2012-04-19
8416,2012-04-20
3958,2012-04-21
7174,2012-04-22
13177,2012-04-23
10900,2012-04-24
6983,2012-04-25
11272,2012-04-26
9393,2012-04-27
3828,2012-04-28
2901,2012-04-29
8140,2012-04-30
4668,2012-05-01
7887,2012-05-02
10695,2012-05-03
8714,2012-05-04
14703,2012-05-05
5042,2012-05-06
11947,2012-05-07
7582,2012-05-08
7766,2012-05-09
13976,2012-05-10
10441,2012-05-11
2668,2012-05-12
1576,2012-05-13
14081,2012-05-14
11018,2012-05-15
8478,2012-05-16
17192,2012-05-17
14842,2012-05-18
3590,2012-05-19
3451,2012-05-20
9319,2012-05-21
9210,2012-05-22
7124,2012-05-23
6630,2012-05-24
4068,2012-05-25
3994,2012-05-26
5905,2012-05-27
4096,2012-05-28
13883,2012-05-29
11093,2012-05-30
11287,2012-05-31
11397,2012-06-01
6424,2012-06-02
798,2012-06-03
17342,2012-06-04
18108,2012-06-05
20226,2012-06-06
25248,2012-06-07
13364,2012-06-08
8690,2012-06-09
5449,2012-06-10
17870,2012-06-11
15620,2012-06-12
21124,2012-06-13
10586,2012-06-14
15923,2012-06-15
3423,2012-06-16
9166,2012-06-17
10891,2012-06-18
15477,2012-06-19
14972,2012-06-20
18528,2012-06-21
11380,2012-06-22
9294,2012-06-23
5058,2012-06-24
12793,2012-06-25
13556,2012-06-26
13014,2012-06-27
14483,2012-06-28
11140,2012-06-29
7820,2012-06-30
15633,2012-07-01
18184,2012-07-02
19020,2012-07-03
20784,2012-07-04
17691,2012-07-05
17644,2012-07-06
14252,2012-07-07
12637,2012-07-08
12303,2012-07-09
14416,2012-07-10
17267,2012-07-11
17917,2012-07-12
15960,2012-07-13
12487,2012-07-14
10948,2012-07-15
17272,2012-07-16
16095,2012-07-17
16938,2012-07-18
17742,2012-07-19
19931,2012-07-20
12620,2012-07-21
5461,2012-07-22
10890,2012-07-23
13878,2012-07-24
18245,2012-07-25
22360,2012-07-26
19573,2012-07-27
8518,2012-07-28
5301,2012-07-29
24373,2012-07-30
22545,2012-07-31
19045,2012-08-01
19754,2012-08-02
19601,2012-08-03
7100,2012-08-04
14535,2012-08-05
11938,2012-08-06
11054,2012-08-07
25106,2012-08-08
20665,2012-08-09
30555,2012-08-10
10436,2012-08-11
14809,2012-08-12
21448,2012-08-13
20517,2012-08-14
17682,2012-08-15
15598,2012-08-16
16929,2012-08-17
10368,2012-08-18
10018,2012-08-19
16497,2012-08-20
19362,2012-08-21
16984,2012-08-22
13263,2012-08-23
21244,2012-08-24
12375,2012-08-25
10937,2012-08-26
14355,2012-08-27
17031,2012-08-28
19675,2012-08-29
22525,2012-08-30
25443,2012-08-31
7807,2012-09-01
12138,2012-09-02
8307,2012-09-03
15396,2012-09-04
15810,2012-09-05
16801,2012-09-06
13083,2012-09-07
10112,2012-09-08
17565,2012-09-09
17683,2012-09-10
17876,2012-09-11
16631,2012-09-12
20540,2012-09-13
22047,2012-09-14
16872,2012-09-15
6767,2012-09-16
20504,2012-09-17
20095,2012-09-18
18101,2012-09-19
19909,2012-09-20
20371,2012-09-21
9648,2012-09-22
10905,2012-09-23
17397,2012-09-24
14827,2012-09-25
17411,2012-09-26
19568,2012-09-27
22591,2012-09-28
7889,2012-09-29
13335,2012-09-30
9397,2012-10-01
15072,2012-10-02
13087,2012-10-03
10120,2012-10-04
12774,2012-10-05
6501,2012-10-06
9535,2012-10-07
16231,2012-10-08
14651,2012-10-09
13037,2012-10-10
14625,2012-10-11
10030,2012-10-12
10613,2012-10-13
7604,2012-10-14
13070,2012-10-15
14527,2012-10-16
14904,2012-10-17
21012,2012-10-18
10322,2012-10-19
7257,2012-10-20
17972,2012-10-21
15725,2012-10-22
10342,2012-10-23
12264,2012-10-24
13033,2012-10-25
11986,2012-10-26
7746,2012-10-27
7670,2012-10-28
11142,2012-10-29
13379,2012-10-30
11776,2012-10-31
11951,2012-11-01
5603,2012-11-02
6443,2012-11-03
10162,2012-11-04
11950,2012-11-05
22535,2012-11-06
9033,2012-11-07
8769,2012-11-08
12252,2012-11-09
3843,2012-11-10
2759,2012-11-11
12482,2012-11-12
13314,2012-11-13
7044,2012-11-14
8148,2012-11-15
10679,2012-11-16
8135,2012-11-17
8976,2012-11-18
13764,2012-11-19
18228,2012-11-20
15011,2012-11-21
15987,2012-11-22
15645,2012-11-23
3372,2012-11-24
9135,2012-11-25
17340,2012-11-26
16072,2012-11-27
19444,2012-11-28
18285,2012-11-29
15305,2012-11-30
2611,2012-12-01
12549,2012-12-02
13210,2012-12-03
17063,2012-12-04
12426,2012-12-05
13570,2012-12-06
7605,2012-12-07
1951,2012-12-08
7615,2012-12-09
14890,2012-12-10
14965,2012-12-11
25052,2012-12-12
18031,2012-12-13
13322,2012-12-14
8703,2012-12-15
18832,2012-12-16
14749,2012-12-17
14204,2012-12-18
15966,2012-12-19
17276,2012-12-20
10846,2012-12-21
11341,2012-12-22
8417,2012-12-23
19325,2012-12-24
8782,2012-12-25
8975,2012-12-26
12582,2012-12-27
5828,2012-12-28
4669,2012-12-29
6199,2012-12-30
10911,2012-12-31
4321,2013-01-01
4779,2013-01-02
17108,2013-01-03
20138,2013-01-04
10995,2013-01-05
13642,2013-01-06
12389,2013-01-07
15777,2013-01-08
11932,2013-01-09
12650,2013-01-10
16374,2013-01-11
8316,2013-01-12
6066,2013-01-13
16489,2013-01-14
15686,2013-01-15
15634,2013-01-16
13584,2013-01-17
17137,2013-01-18
7806,2013-01-19
10127,2013-01-20
17754,2013-01-21
14137,2013-01-22
15642,2013-01-23
15398,2013-01-24
12197,2013-01-25
6553,2013-01-26
7911,2013-01-27
11648,2013-01-28
7932,2013-01-29
8744,2013-01-30
15834,2013-01-31
11185,2013-02-01
7469,2013-02-02
9719,2013-02-03
8831,2013-02-04
10475,2013-02-05
6057,2013-02-06
10602,2013-02-07
10503,2013-02-08
2419,2013-02-09
7901,2013-02-10
7109,2013-02-11
5389,2013-02-12
5975,2013-02-13
4570,2013-02-14
7803,2013-02-15
11344,2013-02-16
9354,2013-02-17
7555,2013-02-18
10562,2013-02-19
10272,2013-02-20
10901,2013-02-21
8753,2013-02-22
7787,2013-02-23
8598,2013-02-24
13493,2013-02-25
15031,2013-02-26
12967,2013-02-27
16813,2013-02-28
13274,2013-03-01
4635,2013-03-02
8458,2013-03-03
9999,2013-03-04
24127,2013-03-05
14363,2013-03-06
13607,2013-03-07
10864,2013-03-08
11570,2013-03-09
4158,2013-03-10
13997,2013-03-11
14996,2013-03-12
12411,2013-03-13
13804,2013-03-14
16288,2013-03-15
5010,2013-03-16
13678,2013-03-17
14843,2013-03-18
15439,2013-03-19
17743,2013-03-20
14526,2013-03-21
13688,2013-03-22
5268,2013-03-23
13570,2013-03-24
12927,2013-03-25
18404,2013-03-26
12737,2013-03-27
10718,2013-03-28
10960,2013-03-29
4173,2013-03-30
8129,2013-03-31
18191,2013-04-01
18438,2013-04-02
16950,2013-04-03
9383,2013-04-04
8950,2013-04-05
7166,2013-04-06
8551,2013-04-07
23110,2013-04-08
15670,2013-04-09
14197,2013-04-10
20423,2013-04-11
12067,2013-04-12
8469,2013-04-13
8715,2013-04-14
27547,2013-04-15
19792,2013-04-16
20033,2013-04-17
14849,2013-04-18
12450,2013-04-19
4314,2013-04-20
8046,2013-04-21
17580,2013-04-22
13915,2013-04-23
13079,2013-04-24
16942,2013-04-25
12901,2013-04-26
11761,2013-04-27
7681,2013-04-28
8945,2013-04-29
9971,2013-04-30
7817,2013-05-01
16276,2013-05-02
16873,2013-05-03
17148,2013-05-04
3830,2013-05-05
17817,2013-05-06
13380,2013-05-07
17900,2013-05-08
11990,2013-05-09
18515,2013-05-10
6120,2013-05-11
9264,2013-05-12
12629,2013-05-13
15378,2013-05-14
11576,2013-05-15
17231,2013-05-16
12830,2013-05-17
7333,2013-05-18
8283,2013-05-19
15924,2013-05-20
12100,2013-05-21
16359,2013-05-22
14770,2013-05-23
13542,2013-05-24
8238,2013-05-25
11071,2013-05-26
17581,2013-05-27
13436,2013-05-28
13555,2013-05-29
11768,2013-05-30
12901,2013-05-31
3698,2013-06-01
7205,2013-06-02
12809,2013-06-03
11861,2013-06-04
15373,2013-06-05
10811,2013-06-06
13164,2013-06-07
11417,2013-06-08
11163,2013-06-09
8488,2013-06-10
13325,2013-06-11
7293,2013-06-12
17765,2013-06-13
16658,2013-06-14
5164,2013-06-15
8998,2013-06-16
8093,2013-06-17
14494,2013-06-18
16804,2013-06-19
14729,2013-06-20
14450,2013-06-21
3322,2013-06-22
3206,2013-06-23
12594,2013-06-24
15064,2013-06-25
14563,2013-06-26
11289,2013-06-27
11150,2013-06-28
9673,2013-06-29
1721,2013-06-30
19427,2013-07-01
16108,2013-07-02
15988,2013-07-03
19125,2013-07-04
21085,2013-07-05
7832,2013-07-06
9602,2013-07-07
19372,2013-07-08
15054,2013-07-09
15887,2013-07-10
17394,2013-07-11
12163,2013-07-12
5034,2013-07-13
5118,2013-07-14
29866,2013-07-15
14781,2013-07-16
21857,2013-07-17
17221,2013-07-18
16804,2013-07-19
6214,2013-07-20
6532,2013-07-21
20552,2013-07-22
20040,2013-07-23
20663,2013-07-24
20274,2013-07-25
15002,2013-07-26
6785,2013-07-27
4330,2013-07-28
19055,2013-07-29
21882,2013-07-30
16409,2013-07-31
26653,2013-08-01
15436,2013-08-02
4090,2013-08-03
9496,2013-08-04
20285,2013-08-05
15243,2013-08-06
12219,2013-08-07
19569,2013-08-08
12942,2013-08-09
3553,2013-08-10
5486,2013-08-11
19994,2013-08-12
14112,2013-08-13
19984,2013-08-14
12787,2013-08-15
13706,2013-08-16
3884,2013-08-17
6146,2013-08-18
12332,2013-08-19
13679,2013-08-20
19607,2013-08-21
17957,2013-08-22
13181,2013-08-23
8091,2013-08-24
8633,2013-08-25
15349,2013-08-26
22084,2013-08-27
23664,2013-08-28
19637,2013-08-29
17725,2013-08-30
9600,2013-08-31
9587,2013-09-01
17997,2013-09-02
17662,2013-09-03
19129,2013-09-04
22108,2013-09-05
17344,2013-09-06
5954,2013-09-07
4044,2013-09-08
34094,2013-09-09
21778,2013-09-10
22230,2013-09-11
19625,2013-09-12
13969,2013-09-13
9925,2013-09-14
7148,2013-09-15
22698,2013-09-16
24447,2013-09-17
18864,2013-09-18
20057,2013-09-19
10585,2013-09-20
8054,2013-09-21
8670,2013-09-22
14919,2013-09-23
16534,2013-09-24
20326,2013-09-25
12546,2013-09-26
20808,2013-09-27
6946,2013-09-28
9760,2013-09-29
16363,2013-09-30
14447,2013-10-01
13123,2013-10-02
13679,2013-10-03
11795,2013-10-04
6576,2013-10-05
4100,2013-10-06
10585,2013-10-07
25623,2013-10-08
20021,2013-10-09
20659,2013-10-10
21768,2013-10-11
11776,2013-10-12
6601,2013-10-13
22064,2013-10-14
18428,2013-10-15
20151,2013-10-16
19049,2013-10-17
22564,2013-10-18
5906,2013-10-19
8580,2013-10-20
15750,2013-10-21
17678,2013-10-22
17831,2013-10-23
18822,2013-10-24
13600,2013-10-25
3901,2013-10-26
13837,2013-10-27
10691,2013-10-28
21362,2013-10-29
17197,2013-10-30
18028,2013-10-31
19025,2013-11-01
5946,2013-11-02
5778,2013-11-03
14398,2013-11-04
28685,2013-11-05
23100,2013-11-06
12130,2013-11-07
22455,2013-11-08
16749,2013-11-09
4854,2013-11-10
17289,2013-11-11
25616,2013-11-12
18420,2013-11-13
22562,2013-11-14
40254,2013-11-15
11334,2013-11-16
6518,2013-11-17
27340,2013-11-18
29544,2013-11-19
20629,2013-11-20
23149,2013-11-21
18877,2013-11-22
5509,2013-11-23
14664,2013-11-24
17007,2013-11-25
24340,2013-11-26
19970,2013-11-27
24241,2013-11-28
21970,2013-11-29
16485,2013-11-30
5981,2013-12-01
19510,2013-12-02
22831,2013-12-03
26281,2013-12-04
23142,2013-12-05
26199,2013-12-06
10531,2013-12-07
8828,2013-12-08
24050,2013-12-09
29288,2013-12-10
28505,2013-12-11
26983,2013-12-12
21285,2013-12-13
6791,2013-12-14
8435,2013-12-15
25337,2013-12-16
27356,2013-12-17
27541,2013-12-18
27682,2013-12-19
18612,2013-12-20
6829,2013-12-21
6639,2013-12-22
21284,2013-12-23
25865,2013-12-24
16475,2013-12-25
20743,2013-12-26
21809,2013-12-27
7639,2013-12-28
9221,2013-12-29
20964,2013-12-30
20210,2013-12-31
7410,2014-01-01
21208,2014-01-02
17445,2014-01-03
8721,2014-01-04
9933,2014-01-05
20985,2014-01-06
21887,2014-01-07
25767,2014-01-08
17107,2014-01-09
24669,2014-01-10
10260,2014-01-11
18462,2014-01-12
15028,2014-01-13
21458,2014-01-14
27295,2014-01-15
21844,2014-01-16
25921,2014-01-17
11579,2014-01-18
12321,2014-01-19
15889,2014-01-20
20038,2014-01-21
24699,2014-01-22
23699,2014-01-23
20883,2014-01-24
6479,2014-01-25
11036,2014-01-26
14576,2014-01-27
15558,2014-01-28
14942,2014-01-29
10293,2014-01-30
7401,2014-01-31
6388,2014-02-01
5962,2014-02-02
7300,2014-02-03
8488,2014-02-04
6824,2014-02-05
8723,2014-02-06
16228,2014-02-07
15256,2014-02-08
4378,2014-02-09
16054,2014-02-10
31164,2014-02-11
17120,2014-02-12
20204,2014-02-13
14011,2014-02-14
9081,2014-02-15
10465,2014-02-16
18086,2014-02-17
19358,2014-02-18
20489,2014-02-19
19011,2014-02-20
18267,2014-02-21
15657,2014-02-22
11285,2014-02-23
14077,2014-02-24
17377,2014-02-25
24681,2014-02-26
18923,2014-02-27
17145,2014-02-28
9948,2014-03-01
11628,2014-03-02
22987,2014-03-03
16337,2014-03-04
30044,2014-03-05
16128,2014-03-06
21169,2014-03-07
10248,2014-03-08
9692,2014-03-09
16613,2014-03-10
15689,2014-03-11
15610,2014-03-12
22144,2014-03-13
18725,2014-03-14
12641,2014-03-15
10502,2014-03-16
13451,2014-03-17
18741,2014-03-18
14637,2014-03-19
20551,2014-03-20
19143,2014-03-21
5801,2014-03-22
8543,2014-03-23
15929,2014-03-24
14392,2014-03-25
16119,2014-03-26
22685,2014-03-27
18231,2014-03-28
11182,2014-03-29
4469,2014-03-30
14896,2014-03-31
15318,2014-04-01
13554,2014-04-02
16955,2014-04-03
21154,2014-04-04
6764,2014-04-05
3883,2014-04-06
12969,2014-04-07
13962,2014-04-08
18870,2014-04-09
24706,2014-04-10
20273,2014-04-11
8343,2014-04-12
8180,2014-04-13
13225,2014-04-14
20132,2014-04-15
18781,2014-04-16
21751,2014-04-17
31942,2014-04-18
7553,2014-04-19
7473,2014-04-20
21227,2014-04-21
18463,2014-04-22
20322,2014-04-23
19957,2014-04-24
19563,2014-04-25
14558,2014-04-26
6520,2014-04-27
19212,2014-04-28
18100,2014-04-29
16319,2014-04-30
22603,2014-05-01
20797,2014-05-02
6519,2014-05-03
8122,2014-05-04
23112,2014-05-05
26287,2014-05-06
30132,2014-05-07
23147,2014-05-08
25082,2014-05-09
6397,2014-05-10
6092,2014-05-11
26633,2014-05-12
31532,2014-05-13
18420,2014-05-14
30702,2014-05-15
26632,2014-05-16
6368,2014-05-17
6777,2014-05-18
29089,2014-05-19
19773,2014-05-20
28295,2014-05-21
27985,2014-05-22
24723,2014-05-23
9927,2014-05-24
11005,2014-05-25
20767,2014-05-26
18457,2014-05-27
22927,2014-05-28
18426,2014-05-29
22233,2014-05-30
9429,2014-05-31
2832,2014-06-01
7288,2014-06-02
17883,2014-06-03
20185,2014-06-04
21941,2014-06-05
25789,2014-06-06
11206,2014-06-07
5046,2014-06-08
15592,2014-06-09
27426,2014-06-10
21083,2014-06-11
18637,2014-06-12
22209,2014-06-13
9243,2014-06-14
9956,2014-06-15
14430,2014-06-16
13003,2014-06-17
16870,2014-06-18
20434,2014-06-19
18724,2014-06-20
8084,2014-06-21
7263,2014-06-22
14805,2014-06-23
16764,2014-06-24
16554,2014-06-25
14621,2014-06-26
11458,2014-06-27
6948,2014-06-28
7137,2014-06-29
15739,2014-06-30
21097,2014-07-01
13725,2014-07-02
17849,2014-07-03
13916,2014-07-04
4795,2014-07-05
5400,2014-07-06
15523,2014-07-07
15302,2014-07-08
31874,2014-07-09
26627,2014-07-10
17703,2014-07-11
6025,2014-07-12
9478,2014-07-13
14444,2014-07-14
25227,2014-07-15
31846,2014-07-16
26405,2014-07-17
16103,2014-07-18
7683,2014-07-19
17641,2014-07-20
22422,2014-07-21
26265,2014-07-22
21960,2014-07-23
19626,2014-07-24
21212,2014-07-25
4474,2014-07-26
4674,2014-07-27
10790,2014-07-28
20467,2014-07-29
17231,2014-07-30
27350,2014-07-31
22353,2014-08-01
7815,2014-08-02
7127,2014-08-03
19132,2014-08-04
17229,2014-08-05
19427,2014-08-06
17638,2014-08-07
18011,2014-08-08
11054,2014-08-09
8013,2014-08-10
13699,2014-08-11
22080,2014-08-12
29463,2014-08-13
28327,2014-08-14
26160,2014-08-15
6055,2014-08-16
8536,2014-08-17
25745,2014-08-18
27367,2014-08-19
14226,2014-08-20
20842,2014-08-21
18590,2014-08-22
7380,2014-08-23
7952,2014-08-24
23837,2014-08-25
17397,2014-08-26
18773,2014-08-27
25209,2014-08-28
18255,2014-08-29
6741,2014-08-30
9279,2014-08-31
17359,2014-09-01
19823,2014-09-02
21149,2014-09-03
21090,2014-09-04
16795,2014-09-05
6888,2014-09-06
4610,2014-09-07
12394,2014-09-08
22097,2014-09-09
23957,2014-09-10
15379,2014-09-11
18502,2014-09-12
11285,2014-09-13
4292,2014-09-14
25097,2014-09-15
42907,2014-09-16
45754,2014-09-17
29019,2014-09-18
24711,2014-09-19
7915,2014-09-20
5775,2014-09-21
26581,2014-09-22
35592,2014-09-23
34345,2014-09-24
26212,2014-09-25
28100,2014-09-26
6691,2014-09-27
3542,2014-09-28
32962,2014-09-29
34612,2014-09-30
15562,2014-10-01
15312,2014-10-02
19561,2014-10-03
3506,2014-10-04
4045,2014-10-05
10069,2014-10-06
14042,2014-10-07
26409,2014-10-08
28170,2014-10-09
26357,2014-10-10
13595,2014-10-11
11401,2014-10-12
34189,2014-10-13
29802,2014-10-14
22117,2014-10-15
23459,2014-10-16
25840,2014-10-17
7158,2014-10-18
5558,2014-10-19
29191,2014-10-20
55088,2014-10-21
27689,2014-10-22
30383,2014-10-23
27810,2014-10-24
6586,2014-10-25
6226,2014-10-26
29382,2014-10-27
40893,2014-10-28
28173,2014-10-29
25237,2014-10-30
25694,2014-10-31
6822,2014-11-01
6464,2014-11-02
24032,2014-11-03
32511,2014-11-04
42520,2014-11-05
25452,2014-11-06
30347,2014-11-07
5361,2014-11-08
4545,2014-11-09
28848,2014-11-10
23625,2014-11-11
21720,2014-11-12
31600,2014-11-13
25045,2014-11-14
7944,2014-11-15
5889,2014-11-16
20467,2014-11-17
40454,2014-11-18
42753,2014-11-19
42612,2014-11-20
36718,2014-11-21
21896,2014-11-22
7062,2014-11-23
22940,2014-11-24
29880,2014-11-25
34519,2014-11-26
33562,2014-11-27
38443,2014-11-28
8852,2014-11-29
9174,2014-11-30
27766,2014-12-01
21186,2014-12-02
24935,2014-12-03
24705,2014-12-04
27186,2014-12-05
11364,2014-12-06
5463,2014-12-07
31327,2014-12-08
22303,2014-12-09
34956,2014-12-10
31059,2014-12-11
39288,2014-12-12
7037,2014-12-13
5133,2014-12-14
20150,2014-12-15
27811,2014-12-16
28381,2014-12-17
35100,2014-12-18
31322,2014-12-19
3625,2014-12-20
4525,2014-12-21
26384,2014-12-22
37072,2014-12-23
27157,2014-12-24
22601,2014-12-25
21363,2014-12-26
15125,2014-12-27
5476,2014-12-28
22962,2014-12-29
23313,2014-12-30
18788,2014-12-31
7529,2015-01-01
5397,2015-01-02
9384,2015-01-03
6822,2015-01-04
18434,2015-01-05
26637,2015-01-06
28152,2015-01-07
19664,2015-01-08
33173,2015-01-09
8352,2015-01-10
8061,2015-01-11
29089,2015-01-12
25615,2015-01-13
19869,2015-01-14
15613,2015-01-15
25790,2015-01-16
8424,2015-01-17
11126,2015-01-18
22354,2015-01-19
16650,2015-01-20
21749,2015-01-21
26564,2015-01-22
22340,2015-01-23
15026,2015-01-24
3017,2015-01-25
29802,2015-01-26
17759,2015-01-27
20603,2015-01-28
22572,2015-01-29
29339,2015-01-30
4743,2015-01-31
14001,2015-02-01
20477,2015-02-02
17824,2015-02-03
43531,2015-02-04
24497,2015-02-05
15064,2015-02-06
5356,2015-02-07
5725,2015-02-08
19766,2015-02-09
20672,2015-02-10
20056,2015-02-11
11496,2015-02-12
12785,2015-02-13
4302,2015-02-14
11456,2015-02-15
25152,2015-02-16
10240,2015-02-17
2799,2015-02-18
6250,2015-02-19
3192,2015-02-20
6932,2015-02-21
4606,2015-02-22
3899,2015-02-23
7114,2015-02-24
15247,2015-02-25
15972,2015-02-26
16418,2015-02-27
24726,2015-02-28
8544,2015-03-01
24168,2015-03-02
17702,2015-03-03
17447,2015-03-04
32889,2015-03-05
14574,2015-03-06
8861,2015-03-07
2037,2015-03-08
16854,2015-03-09
24946,2015-03-10
29982,2015-03-11
26470,2015-03-12
17205,2015-03-13
6068,2015-03-14
9975,2015-03-15
28434,2015-03-16
19960,2015-03-17
24440,2015-03-18
38955,2015-03-19
38984,2015-03-20
10582,2015-03-21
15584,2015-03-22
26048,2015-03-23
26489,2015-03-24
22864,2015-03-25
25790,2015-03-26
28982,2015-03-27
16814,2015-03-28
4852,2015-03-29
25693,2015-03-30
36722,2015-03-31
34282,2015-04-01
25996,2015-04-02
26535,2015-04-03
6578,2015-04-04
14536,2015-04-05
15732,2015-04-06
27611,2015-04-07
731803,2015-04-08
177560,2015-04-09
27961,2015-04-10
18329,2015-04-11
6933,2015-04-12
203766,2015-04-13
73933,2015-04-14
358623,2015-04-15
203757,2015-04-16
41444,2015-04-17
31959,2015-04-18
47267,2015-04-19
80593,2015-04-20
71750,2015-04-21
87606,2015-04-22
54655,2015-04-23
40096,2015-04-24
13122,2015-04-25
18284,2015-04-26
85882,2015-04-27
73233,2015-04-28
65684,2015-04-29
69999,2015-04-30
19340,2015-05-01
26819,2015-05-02
52066,2015-05-03
68471,2015-05-04
66386,2015-05-05
49677,2015-05-06
44550,2015-05-07
46124,2015-05-08
23026,2015-05-09
48313,2015-05-10
71946,2015-05-11
57726,2015-05-12
43832,2015-05-13
58753,2015-05-14
55783,2015-05-15
34469,2015-05-16
31830,2015-05-17
97263,2015-05-18
40700,2015-05-19
512007,2015-05-20
84903,2015-05-21
72401,2015-05-22
16509,2015-05-23
639767,2015-05-24
99947,2015-05-25
90321,2015-05-26
109716,2015-05-27
103822,2015-05-28
99270,2015-05-29
74301,2015-05-30
80576,2015-05-31
68771,2015-06-01
113151,2015-06-02
71873,2015-06-03
65428,2015-06-04
76654,2015-06-05
28656,2015-06-06
86709,2015-06-07
94739,2015-06-08
114119,2015-06-09
87096,2015-06-10
57879,2015-06-11
95291,2015-06-12
20404,2015-06-13
5150,2015-06-14
163655,2015-06-15
217073,2015-06-16
96691,2015-06-17
110082,2015-06-18
77610,2015-06-19
13549,2015-06-20
52651,2015-06-21
114597,2015-06-22
89265,2015-06-23
101795,2015-06-24
100835,2015-06-25
104759,2015-06-26
69227,2015-06-27
86871,2015-06-28
133677,2015-06-29
81193,2015-06-30
89741,2015-07-01
112777,2015-07-02
92099,2015-07-03
77446,2015-07-04
118921,2015-07-05
102350,2015-07-06
142829,2015-07-07
108564,2015-07-08
73806,2015-07-09
80902,2015-07-10
84127,2015-07-11
108849,2015-07-12
124759,2015-07-13
154750,2015-07-14
90627,2015-07-15
116173,2015-07-16
102475,2015-07-17
56808,2015-07-18
114248,2015-07-19
119989,2015-07-20
76777,2015-07-21
96931,2015-07-22
90409,2015-07-23
130565,2015-07-24
69528,2015-07-25
133957,2015-07-26
117237,2015-07-27
49473,2015-07-28
80718,2015-07-29
95051,2015-07-30
93964,2015-07-31
88436,2015-08-01
98100,2015-08-02
74994,2015-08-03
144936,2015-08-04
96979,2015-08-05
130367,2015-08-06
50861,2015-08-07
96490,2015-08-08
78521,2015-08-09
160246,2015-08-10
129616,2015-08-11
110473,2015-08-12
46481,2015-08-13
80237,2015-08-14
96533,2015-08-15
82924,2015-08-16
112911,2015-08-17
122673,2015-08-18
125578,2015-08-19
42947,2015-08-20
79770,2015-08-21
35308,2015-08-22
121096,2015-08-23
55123,2015-08-24
108099,2015-08-25
153056,2015-08-26
109493,2015-08-27
55601,2015-08-28
84511,2015-08-29
42864,2015-08-30
93719,2015-08-31
131757,2015-09-01
76427,2015-09-02
38135,2015-09-03
52502,2015-09-04
93379,2015-09-05
45240,2015-09-06
18016,2015-09-07
33810,2015-09-08
282895,2015-09-09
119826,2015-09-10
111690,2015-09-11
72819,2015-09-12
114089,2015-09-13
143989,2015-09-14
162223,2015-09-15
92165,2015-09-16
89184,2015-09-17
69178,2015-09-18
85070,2015-09-19
116135,2015-09-20
87698,2015-09-21
112375,2015-09-22
99751,2015-09-23
195279,2015-09-24
73131,2015-09-25
111336,2015-09-26
48530,2015-09-27
128040,2015-09-28
108764,2015-09-29
258703,2015-09-30
145133,2015-10-01
134941,2015-10-02
160224,2015-10-03
94245,2015-10-04
123517,2015-10-05
86180,2015-10-06
186270,2015-10-07
116585,2015-10-08
290293,2015-10-09
122542,2015-10-10
114000,2015-10-11
176832,2015-10-12
251835,2015-10-13
207918,2015-10-14
161314,2015-10-15
118491,2015-10-16
139138,2015-10-17
127050,2015-10-18
198592,2015-10-19
40065,2015-10-20
35604,2015-10-21
277893,2015-10-22
239778,2015-10-23
77591,2015-10-24
20601,2015-10-25
394260,2015-10-26
81167,2015-10-27
35039,2015-10-28
102904,2015-10-29
285129,2015-10-30
123449,2015-10-31
109824,2015-11-01
57305,2015-11-02
245443,2015-11-03
229505,2015-11-04
129572,2015-11-05
101509,2015-11-06
111451,2015-11-07
113035,2015-11-08
110429,2015-11-09
178221,2015-11-10
100259,2015-11-11
146939,2015-11-12
113386,2015-11-13
72015,2015-11-14
86808,2015-11-15
94998,2015-11-16
267662,2015-11-17
220691,2015-11-18
148042,2015-11-19
135962,2015-11-20
111407,2015-11-21
91681,2015-11-22
118064,2015-11-23
232251,2015-11-24
141105,2015-11-25
158760,2015-11-26
275231,2015-11-27
114738,2015-11-28
105736,2015-11-29
132349,2015-11-30
123164,2015-12-01
141117,2015-12-02
138505,2015-12-03
148996,2015-12-04
49144,2015-12-05
80802,2015-12-06
147022,2015-12-07
130336,2015-12-08
122687,2015-12-09
123502,2015-12-10
156021,2015-12-11
35523,2015-12-12
79705,2015-12-13
97803,2015-12-14
131638,2015-12-15
96881,2015-12-16
200139,2015-12-17
96634,2015-12-18
59334,2015-12-19
45620,2015-12-20
77896,2015-12-21
180516,2015-12-22
182244,2015-12-23
116669,2015-12-24
108706,2015-12-25
52071,2015-12-26
111142,2015-12-27
122431,2015-12-28
100126,2015-12-29
175122,2015-12-30
147839,2015-12-31
47592,2016-01-01
36969,2016-01-02
60326,2016-01-03
160588,2016-01-04
178025,2016-01-05
148067,2016-01-06
155563,2016-01-07
101779,2016-01-08
109012,2016-01-09
33392,2016-01-10
164715,2016-01-11
177830,2016-01-12
132071,2016-01-13
179977,2016-01-14
110154,2016-01-15
79213,2016-01-16
49517,2016-01-17
155459,2016-01-18
280588,2016-01-19
165960,2016-01-20
248666,2016-01-21
142114,2016-01-22
134228,2016-01-23
208920,2016-01-24
249416,2016-01-25
222028,2016-01-26
433566,2016-01-27
171957,2016-01-28
273220,2016-01-29
179824,2016-01-30
192994,2016-01-31
256481,2016-02-01
259550,2016-02-02
325793,2016-02-03
321861,2016-02-04
167495,2016-02-05
187453,2016-02-06
55437,2016-02-07
44286,2016-02-08
32467,2016-02-09
38919,2016-02-10
21014,2016-02-11
72711,2016-02-12
70441,2016-02-13
88829,2016-02-14
75507,2016-02-15
110583,2016-02-16
131597,2016-02-17
487737,2016-02-18
201054,2016-02-19
261077,2016-02-20
154481,2016-02-21
312290,2016-02-22
353375,2016-02-23
377073,2016-02-24
344231,2016-02-25
253850,2016-02-26
220620,2016-02-27
176833,2016-02-28
320212,2016-02-29
330151,2016-03-01
305813,2016-03-02
330381,2016-03-03
193200,2016-03-04
129860,2016-03-05
165086,2016-03-06
339625,2016-03-07
221418,2016-03-08
233070,2016-03-09
194179,2016-03-10
228998,2016-03-11
82977,2016-03-12
207871,2016-03-13
342859,2016-03-14
243541,2016-03-15
433342,2016-03-16
309446,2016-03-17
232465,2016-03-18
132008,2016-03-19
126300,2016-03-20
246466,2016-03-21
279272,2016-03-22
334254,2016-03-23
141133,2016-03-24
153056,2016-03-25
8506,2016-03-26
15156,2016-03-27
27780,2016-03-28
295394,2016-03-29
367993,2016-03-30
242186,2016-03-31
298866,2016-04-01
126992,2016-04-02
73744,2016-04-03
127761,2016-04-04
254807,2016-04-05
246048,2016-04-06
234674,2016-04-07
168087,2016-04-08
140980,2016-04-09
47226,2016-04-10
198180,2016-04-11
254690,2016-04-12
279192,2016-04-13
205154,2016-04-14
136312,2016-04-15
82077,2016-04-16
76484,2016-04-17
272753,2016-04-18
281060,2016-04-19
405104,2016-04-20
309738,2016-04-21
206483,2016-04-22
56889,2016-04-23
55080,2016-04-24
197556,2016-04-25
289308,2016-04-26
216396,2016-04-27
257827,2016-04-28
81185,2016-04-29
34192,2016-04-30
76775,2016-05-01
121338,2016-05-02
198450,2016-05-03
200799,2016-05-04
220542,2016-05-05
245929,2016-05-06
160815,2016-05-07
197069,2016-05-08
433365,2016-05-09
297891,2016-05-10
355250,2016-05-11
352887,2016-05-12
202716,2016-05-13
167282,2016-05-14
208264,2016-05-15
208497,2016-05-16
337568,2016-05-17
367319,2016-05-18
328250,2016-05-19
312177,2016-05-20
220202,2016-05-21
239304,2016-05-22
396076,2016-05-23
451878,2016-05-24
570702,2016-05-25
498482,2016-05-26
454728,2016-05-27
209701,2016-05-28
247550,2016-05-29
403512,2016-05-30
285046,2016-05-31
318071,2016-06-01
297945,2016-06-02
290397,2016-06-03
191629,2016-06-04
214283,2016-06-05
318133,2016-06-06
383984,2016-06-07
339482,2016-06-08
163046,2016-06-09
171516,2016-06-10
129919,2016-06-11
299978,2016-06-12
413696,2016-06-13
382222,2016-06-14
378367,2016-06-15
349954,2016-06-16
319751,2016-06-17
186672,2016-06-18
264787,2016-06-19
364546,2016-06-20
364464,2016-06-21
396551,2016-06-22
334407,2016-06-23
274758,2016-06-24
248910,2016-06-25
218172,2016-06-26
409620,2016-06-27
381953,2016-06-28
276679,2016-06-29
245874,2016-06-30
205955,2016-07-01
95930,2016-07-02
178698,2016-07-03
213502,2016-07-04
233789,2016-07-05
267525,2016-07-06
233923,2016-07-07
286579,2016-07-08
96439,2016-07-09
163317,2016-07-10
270031,2016-07-11
245828,2016-07-12
237211,2016-07-13
325226,2016-07-14
258972,2016-07-15
144734,2016-07-16
146578,2016-07-17
230175,2016-07-18
185853,2016-07-19
197873,2016-07-20
183196,2016-07-21
136842,2016-07-22
39353,2016-07-23
150735,2016-07-24
204366,2016-07-25
210926,2016-07-26
229443,2016-07-27
206776,2016-07-28
210706,2016-07-29
121026,2016-07-30
107266,2016-07-31
197448,2016-08-01
236403,2016-08-02
175556,2016-08-03
267404,2016-08-04
239796,2016-08-05
78147,2016-08-06
200691,2016-08-07
247562,2016-08-08
203899,2016-08-09
262077,2016-08-10
199682,2016-08-11
291980,2016-08-12
127622,2016-08-13
229399,2016-08-14
214143,2016-08-15
270427,2016-08-16
245600,2016-08-17
260126,2016-08-18
216515,2016-08-19
100835,2016-08-20
183127,2016-08-21
155425,2016-08-22
186510,2016-08-23
191194,2016-08-24
248745,2016-08-25
231338,2016-08-26
150440,2016-08-27
189982,2016-08-28
255343,2016-08-29
284857,2016-08-30
236992,2016-08-31
255966,2016-09-01
311281,2016-09-02
73710,2016-09-03
211808,2016-09-04
331795,2016-09-05
339192,2016-09-06
261710,2016-09-07
243193,2016-09-08
229736,2016-09-09
114959,2016-09-10
194523,2016-09-11
199318,2016-09-12
199935,2016-09-13
218503,2016-09-14
79105,2016-09-15
50900,2016-09-16
49461,2016-09-17
177696,2016-09-18
251818,2016-09-19
282651,2016-09-20
295239,2016-09-21
290695,2016-09-22
265703,2016-09-23
121803,2016-09-24
240398,2016-09-25
265247,2016-09-26
289221,2016-09-27
329458,2016-09-28
376996,2016-09-29
301339,2016-09-30
93513,2016-10-01
61778,2016-10-02
49717,2016-10-03
74155,2016-10-04
82661,2016-10-05
96232,2016-10-06
97420,2016-10-07
124195,2016-10-08
203195,2016-10-09
160544,2016-10-10
215956,2016-10-11
267607,2016-10-12
192380,2016-10-13
279474,2016-10-14
135874,2016-10-15
158025,2016-10-16
272811,2016-10-17
217819,2016-10-18
172749,2016-10-19
186947,2016-10-20
137120,2016-10-21
33894,2016-10-22
79453,2016-10-23
214367,2016-10-24
198491,2016-10-25
185913,2016-10-26
224761,2016-10-27
136921,2016-10-28
43403,2016-10-29
106902,2016-10-30
174204,2016-10-31
191129,2016-11-01
133298,2016-11-02
150669,2016-11-03
122409,2016-11-04
43566,2016-11-05
99802,2016-11-06
159842,2016-11-07
134439,2016-11-08
135971,2016-11-09
149715,2016-11-10
150255,2016-11-11
41368,2016-11-12
62580,2016-11-13
126187,2016-11-14
201157,2016-11-15
111573,2016-11-16
118322,2016-11-17
94127,2016-11-18
42599,2016-11-19
47155,2016-11-20
113611,2016-11-21
115185,2016-11-22
137533,2016-11-23
116122,2016-11-24
142826,2016-11-25
101875,2016-11-26
76713,2016-11-27
138318,2016-11-28
215464,2016-11-29
203386,2016-11-30
142606,2016-12-01
221561,2016-12-02
29624,2016-12-03
104809,2016-12-04
170419,2016-12-05
167005,2016-12-06
107543,2016-12-07
116216,2016-12-08
130596,2016-12-09
42861,2016-12-10
42454,2016-12-11
150116,2016-12-12
129232,2016-12-13
155629,2016-12-14
141746,2016-12-15
103158,2016-12-16
56158,2016-12-17
39071,2016-12-18
135506,2016-12-19
112661,2016-12-20
110569,2016-12-21
119731,2016-12-22
165095,2016-12-23
24491,2016-12-24
27101,2016-12-25
124204,2016-12-26
127070,2016-12-27
139977,2016-12-28
97143,2016-12-29
81797,2016-12-30
28461,2016-12-31
18424,2017-01-01
33426,2017-01-02
94943,2017-01-03
76729,2017-01-04
53452,2017-01-05
62504,2017-01-06
22258,2017-01-07
21568,2017-01-08
90575,2017-01-09
88045,2017-01-10
106823,2017-01-11
125585,2017-01-12
107883,2017-01-13
25904,2017-01-14
45181,2017-01-15
154488,2017-01-16
126935,2017-01-17
105416,2017-01-18
92795,2017-01-19
102605,2017-01-20
20777,2017-01-21
40901,2017-01-22
83659,2017-01-23
80557,2017-01-24
116958,2017-01-25
65399,2017-01-26
19803,2017-01-27
10637,2017-01-28
9631,2017-01-29
12816,2017-01-30
32973,2017-01-31
48663,2017-02-01
47017,2017-02-02
98783,2017-02-03
49384,2017-02-04
50920,2017-02-05
172010,2017-02-06
110390,2017-02-07
127116,2017-02-08
121778,2017-02-09
99491,2017-02-10
26489,2017-02-11
38252,2017-02-12
124998,2017-02-13
147561,2017-02-14
83418,2017-02-15
100391,2017-02-16
81594,2017-02-17
41354,2017-02-18
43060,2017-02-19
131762,2017-02-20
156279,2017-02-21
108979,2017-02-22
137758,2017-02-23
110180,2017-02-24
36649,2017-02-25
39245,2017-02-26
93163,2017-02-27
88551,2017-02-28
98853,2017-03-01
81605,2017-03-02
84246,2017-03-03
32167,2017-03-04
43238,2017-03-05
112101,2017-03-06
100131,2017-03-07
82891,2017-03-08
98278,2017-03-09
77279,2017-03-10
28562,2017-03-11
22265,2017-03-12
99670,2017-03-13
91126,2017-03-14
124840,2017-03-15
121444,2017-03-16
74186,2017-03-17
37670,2017-03-18
37587,2017-03-19
345972,2017-03-20
374993,2017-03-21
334584,2017-03-22
142935,2017-03-23
106466,2017-03-24
36033,2017-03-25
20146,2017-03-26
114816,2017-03-27
115033,2017-03-28
135535,2017-03-29
112449,2017-03-30
125460,2017-03-31
47591,2017-04-01
37026,2017-04-02
37860,2017-04-03
79835,2017-04-04
110591,2017-04-05
177427,2017-04-06
120398,2017-04-07
54455,2017-04-08
93678,2017-04-09
140437,2017-04-10
136952,2017-04-11
144347,2017-04-12
160491,2017-04-13
132846,2017-04-14
42107,2017-04-15
76056,2017-04-16
182778,2017-04-17
150331,2017-04-18
180693,2017-04-19
121772,2017-04-20
238982,2017-04-21
34283,2017-04-22
112186,2017-04-23
130851,2017-04-24
131637,2017-04-25
106941,2017-04-26
140820,2017-04-27
142045,2017-04-28
47769,2017-04-29
32952,2017-04-30
100537,2017-05-01
166709,2017-05-02
150020,2017-05-03
162045,2017-05-04
123441,2017-05-05
56326,2017-05-06
76814,2017-05-07
166641,2017-05-08
158681,2017-05-09
135363,2017-05-10
156741,2017-05-11
102182,2017-05-12
46202,2017-05-13
97284,2017-05-14
175543,2017-05-15
155985,2017-05-16
153057,2017-05-17
173470,2017-05-18
140339,2017-05-19
55607,2017-05-20
91494,2017-05-21
149311,2017-05-22
151304,2017-05-23
164480,2017-05-24
190805,2017-05-25
165294,2017-05-26
80997,2017-05-27
28574,2017-05-28
46960,2017-05-29
106671,2017-05-30
188314,2017-05-31
172697,2017-06-01
120181,2017-06-02
65839,2017-06-03
109763,2017-06-04
159172,2017-06-05
175722,2017-06-06
185922,2017-06-07
173477,2017-06-08
134136,2017-06-09
68077,2017-06-10
57390,2017-06-11
160371,2017-06-12
176877,2017-06-13
148186,2017-06-14
146598,2017-06-15
150554,2017-06-16
68296,2017-06-17
106355,2017-06-18
167532,2017-06-19
158549,2017-06-20
168825,2017-06-21
142244,2017-06-22
138191,2017-06-23
29815,2017-06-24
69886,2017-06-25
163951,2017-06-26
163796,2017-06-27
125997,2017-06-28
139345,2017-06-29
120059,2017-06-30
31119,2017-07-01
24773,2017-07-02
141782,2017-07-03
118303,2017-07-04
135446,2017-07-05
124923,2017-07-06
112472,2017-07-07
37112,2017-07-08
35708,2017-07-09
143911,2017-07-10
153069,2017-07-11
162783,2017-07-12
146833,2017-07-13
131924,2017-07-14
42005,2017-07-15
36632,2017-07-16
120436,2017-07-17
139575,2017-07-18
150924,2017-07-19
146260,2017-07-20
100927,2017-07-21
31967,2017-07-22
40399,2017-07-23
138340,2017-07-24
125663,2017-07-25
145784,2017-07-26
145469,2017-07-27
116036,2017-07-28
33102,2017-07-29
44643,2017-07-30
139494,2017-07-31
150959,2017-08-01
141747,2017-08-02
155317,2017-08-03
141602,2017-08-04
28161,2017-08-05
39370,2017-08-06
169034,2017-08-07
143260,2017-08-08
139407,2017-08-09
133867,2017-08-10
143958,2017-08-11
39794,2017-08-12
34911,2017-08-13
121402,2017-08-14
149714,2017-08-15
151703,2017-08-16
180306,2017-08-17
137723,2017-08-18
43220,2017-08-19
40822,2017-08-20
139493,2017-08-21
159608,2017-08-22
161111,2017-08-23
167032,2017-08-24
136024,2017-08-25
35577,2017-08-26
33482,2017-08-27
166198,2017-08-28
186662,2017-08-29
170612,2017-08-30
166101,2017-08-31
148661,2017-09-01
37744,2017-09-02
49669,2017-09-03
158484,2017-09-04
165358,2017-09-05
168507,2017-09-06
163672,2017-09-07
140396,2017-09-08
44080,2017-09-09
40095,2017-09-10
174314,2017-09-11
151294,2017-09-12
179496,2017-09-13
183693,2017-09-14
169454,2017-09-15
34845,2017-09-16
31295,2017-09-17
207866,2017-09-18
223099,2017-09-19
171292,2017-09-20
173343,2017-09-21
172926,2017-09-22
40354,2017-09-23
45328,2017-09-24
192937,2017-09-25
164163,2017-09-26
138561,2017-09-27
152138,2017-09-28
120014,2017-09-29
52856,2017-09-30
33214,2017-10-01
32794,2017-10-02
49264,2017-10-03
34204,2017-10-04
44284,2017-10-05
48683,2017-10-06
27217,2017-10-07
48380,2017-10-08
136945,2017-10-09
135467,2017-10-10
140431,2017-10-11
138458,2017-10-12
144572,2017-10-13
36566,2017-10-14
33303,2017-10-15
154074,2017-10-16
171587,2017-10-17
162923,2017-10-18
173004,2017-10-19
135174,2017-10-20
46820,2017-10-21
50266,2017-10-22
166380,2017-10-23
175969,2017-10-24
179393,2017-10-25
161192,2017-10-26
160173,2017-10-27
46874,2017-10-28
50363,2017-10-29
184606,2017-10-30
196337,2017-10-31
205877,2017-11-01
167510,2017-11-02
199901,2017-11-03
38519,2017-11-04
41475,2017-11-05
193740,2017-11-06
188074,2017-11-07
202082,2017-11-08
189305,2017-11-09
181630,2017-11-10
46545,2017-11-11
47731,2017-11-12
193477,2017-11-13
170680,2017-11-14
159148,2017-11-15
223177,2017-11-16
188138,2017-11-17
49501,2017-11-18
39098,2017-11-19
222044,2017-11-20
210414,2017-11-21
274717,2017-11-22
250245,2017-11-23
191451,2017-11-24
21301,2017-11-25
40157,2017-11-26
368738,2017-11-27
236117,2017-11-28
216141,2017-11-29
168815,2017-11-30
152688,2017-12-01
41412,2017-12-02
48751,2017-12-03
185427,2017-12-04
227450,2017-12-05
315871,2017-12-06
300100,2017-12-07
355881,2017-12-08
141684,2017-12-09
219928,2017-12-10
369413,2017-12-11
384294,2017-12-12
374647,2017-12-13
315725,2017-12-14
325958,2017-12-15
152872,2017-12-16
208583,2017-12-17
428300,2017-12-18
387598,2017-12-19
323309,2017-12-20
379831,2017-12-21
373577,2017-12-22
135805,2017-12-23
204248,2017-12-24
344806,2017-12-25
312640,2017-12-26
324970,2017-12-27
302422,2017-12-28
261936,2017-12-29
75755,2017-12-30
109603,2017-12-31
203140,2018-01-01
453375,2018-01-02
463678,2018-01-03
453284,2018-01-04
331904,2018-01-05
82255,2018-01-06
171064,2018-01-07
295469,2018-01-08
275734,2018-01-09
265608,2018-01-10
247204,2018-01-11
215803,2018-01-12
96646,2018-01-13
169202,2018-01-14
317634,2018-01-15
261269,2018-01-16
257838,2018-01-17
325944,2018-01-18
317215,2018-01-19
95923,2018-01-20
241061,2018-01-21
394301,2018-01-22
451230,2018-01-23
452912,2018-01-24
503609,2018-01-25
445846,2018-01-26
150314,2018-01-27
359747,2018-01-28
501311,2018-01-29
489878,2018-01-30
496965,2018-01-31
440609,2018-02-01
391747,2018-02-02
179218,2018-02-03
301454,2018-02-04
563226,2018-02-05
494663,2018-02-06
441723,2018-02-07
397647,2018-02-08
415451,2018-02-09
150780,2018-02-10
364295,2018-02-11
353275,2018-02-12
378230,2018-02-13
289479,2018-02-14
105675,2018-02-15
87787,2018-02-16
74288,2018-02-17
107777,2018-02-18
107850,2018-02-19
135430,2018-02-20
325828,2018-02-21
405483,2018-02-22
396670,2018-02-23
211199,2018-02-24
347850,2018-02-25
419194,2018-02-26
131486,2018-02-27
140377,2018-02-28
206966,2018-03-01
216489,2018-03-02
31013,2018-03-03
36201,2018-03-04
540991,2018-03-05
428104,2018-03-06
594704,2018-03-07
516551,2018-03-08
539163,2018-03-09
30521,2018-03-10
40158,2018-03-11
599543,2018-03-12
364755,2018-03-13
353708,2018-03-14
261866,2018-03-15
328277,2018-03-16
43610,2018-03-17
47382,2018-03-18
484493,2018-03-19
353472,2018-03-20
421619,2018-03-21
404985,2018-03-22
337850,2018-03-23
70633,2018-03-24
106148,2018-03-25
664370,2018-03-26
669855,2018-03-27
766883,2018-03-28
618141,2018-03-29
624877,2018-03-30
300940,2018-03-31
546905,2018-04-01
778545,2018-04-02
687795,2018-04-03
672366,2018-04-04
331779,2018-04-05
284116,2018-04-06
264856,2018-04-07
559960,2018-04-08
716512,2018-04-09
653923,2018-04-10
789071,2018-04-11
665706,2018-04-12
642431,2018-04-13
328313,2018-04-14
521596,2018-04-15
796594,2018-04-16
650407,2018-04-17
700240,2018-04-18
622997,2018-04-19
649729,2018-04-20
250261,2018-04-21
436201,2018-04-22
454906,2018-04-23
420260,2018-04-24
618777,2018-04-25
674937,2018-04-26
767164,2018-04-27
475190,2018-04-28
233942,2018-04-29
124382,2018-04-30
102627,2018-05-01
661571,2018-05-02
755620,2018-05-03
582440,2018-05-04
269493,2018-05-05
244037,2018-05-06
562612,2018-05-07
601268,2018-05-08
571520,2018-05-09
545842,2018-05-10
515505,2018-05-11
248467,2018-05-12
388886,2018-05-13
782502,2018-05-14
601215,2018-05-15
680515,2018-05-16
607016,2018-05-17
500130,2018-05-18
35750,2018-05-19
389333,2018-05-20
746928,2018-05-21
577055,2018-05-22
587920,2018-05-23
516371,2018-05-24
504488,2018-05-25
216605,2018-05-26
443141,2018-05-27
589593,2018-05-28
568417,2018-05-29
485820,2018-05-30
529568,2018-05-31
381174,2018-06-01
112319,2018-06-02
186109,2018-06-03
473599,2018-06-04
768150,2018-06-05
881876,2018-06-06
957046,2018-06-07
646429,2018-06-08
221276,2018-06-09
299013,2018-06-10
691171,2018-06-11
550508,2018-06-12
571980,2018-06-13
582868,2018-06-14
525989,2018-06-15
67241,2018-06-16
46166,2018-06-17
124435,2018-06-18
507251,2018-06-19
629259,2018-06-20
656221,2018-06-21
487128,2018-06-22
127539,2018-06-23
203727,2018-06-24
527659,2018-06-25
507788,2018-06-26
449928,2018-06-27
431070,2018-06-28
483981,2018-06-29
313007,2018-06-30
597177,2018-07-01
721478,2018-07-02
740180,2018-07-03
652815,2018-07-04
582537,2018-07-05
422072,2018-07-06
55185,2018-07-07
122261,2018-07-08
647082,2018-07-09
683852,2018-07-10
711919,2018-07-11
775966,2018-07-12
514674,2018-07-13
116982,2018-07-14
171325,2018-07-15
870130,2018-07-16
823436,2018-07-17
732274,2018-07-18
821692,2018-07-19
778190,2018-07-20
229490,2018-07-21
295868,2018-07-22
938419,2018-07-23
1043438,2018-07-24
842152,2018-07-25
904124,2018-07-26
769991,2018-07-27
276660,2018-07-28
411188,2018-07-29
889129,2018-07-30
757853,2018-07-31
825335,2018-08-01
840145,2018-08-02
593678,2018-08-03
248178,2018-08-04
246618,2018-08-05
859354,2018-08-06
981483,2018-08-07
1020890,2018-08-08
965238,2018-08-09
798421,2018-08-10
225995,2018-08-11
275652,2018-08-12
1076900,2018-08-13
941384,2018-08-14
1065017,2018-08-15
939265,2018-08-16
1101194,2018-08-17
280305,2018-08-18
325304,2018-08-19
1148559,2018-08-20
1078798,2018-08-21
887636,2018-08-22
746982,2018-08-23
991187,2018-08-24
204323,2018-08-25
281384,2018-08-26
1098195,2018-08-27
950746,2018-08-28
921644,2018-08-29
927368,2018-08-30
1090265,2018-08-31
575103,2018-09-01
540884,2018-09-02
884760,2018-09-03
803630,2018-09-04
784573,2018-09-05
835616,2018-09-06
918820,2018-09-07
369893,2018-09-08
358019,2018-09-09
899346,2018-09-10
730922,2018-09-11
828895,2018-09-12
788369,2018-09-13
658759,2018-09-14
356468,2018-09-15
418662,2018-09-16
787679,2018-09-17
633303,2018-09-18
691776,2018-09-19
736509,2018-09-20
699028,2018-09-21
178036,2018-09-22
356405,2018-09-23
231604,2018-09-24
833534,2018-09-25
708218,2018-09-26
618658,2018-09-27
635150,2018-09-28
281023,2018-09-29
128930,2018-09-30
425214,2018-10-01
312328,2018-10-02
262825,2018-10-03
261424,2018-10-04
218749,2018-10-05
149537,2018-10-06
467105,2018-10-07
747642,2018-10-08
665477,2018-10-09
687277,2018-10-10
580781,2018-10-11
233863,2018-10-12
190,2018-10-13
513,2018-10-14
